galaxy,stage8_class,n_points,rotmod_file,rrf_aic_v2,curve_level_rrf_A_kms2,curve_level_rrf_rc_kpc,best_destructive_null,best_destructive_null_aic_v2,delta_aic_rrf_minus_best_destructive_null,best_neighbor_null,best_neighbor_null_aic_v2,delta_aic_rrf_minus_best_neighbor_null
CamB,CORE-PATHOLOGY-ARCHIVE,9,/home/kei/a10_projects/A10_TVC_Galaxy_Rotation_Curve_Residual_Diagnostic/data/Rotmod_LTG/CamB_rotmod.dat,36.559677669615425,5720.558392435284,5.37,outer_step_median,44.7901688428826,-8.230491173267175,saturating_n8,28.300151924236868,8.259525745378557
D631-7,ROBUST-DIAGNOSTIC-CANDIDATE,16,/home/kei/a10_projects/A10_TVC_Galaxy_Rotation_Curve_Residual_Diagnostic/data/Rotmod_LTG/D631-7_rotmod.dat,10.329020709320556,3444.866407523111,3.7428405773515707,outer_step_median,294.1211266081055,-283.79210589878494,saturating_n4,14.323811261749924,-3.994790552429368
DDO064,ROBUST-DIAGNOSTIC-CANDIDATE,14,/home/kei/a10_projects/A10_TVC_Galaxy_Rotation_Curve_Residual_Diagnostic/data/Rotmod_LTG/DDO064_rotmod.dat,7.763989667093139,1926.6923528618704,1.2963821729292277,outer_step_median,26.637565471887207,-18.87357580479407,saturating_n2,7.6738397070304565,0.09014996006268294
DDO154,ROBUST-DIAGNOSTIC-CANDIDATE,12,/home/kei/a10_projects/A10_TVC_Galaxy_Rotation_Curve_Residual_Diagnostic/data/Rotmod_LTG/DDO154_rotmod.dat,26.0624372706993,1970.5478195758317,1.9823689217906317,shuffled_radius_rrf_nfixed,814.8742227241862,-788.8117854534869,saturating_n2,11.38165672873529,14.680780541964008
DDO161,ROBUST-DIAGNOSTIC-CANDIDATE,31,/home/kei/a10_projects/A10_TVC_Galaxy_Rotation_Curve_Residual_Diagnostic/data/Rotmod_LTG/DDO161_rotmod.dat,23.183709487119447,3723.5792195787185,5.9581991090751565,outer_step_median,465.4477847083479,-442.26407522122844,saturating_n2,11.389815891404755,11.793893595714692
DDO168,ROBUST-DIAGNOSTIC-CANDIDATE,10,/home/kei/a10_projects/A10_TVC_Galaxy_Rotation_Curve_Residual_Diagnostic/data/Rotmod_LTG/DDO168_rotmod.dat,15.292117618302488,2877.3701482368974,2.1478073660962935,shuffled_radius_rrf_nfixed,261.33365821668093,-246.04154059837845,saturating_n4,12.253492746981983,3.038624871320504
DDO170,ROBUST-DIAGNOSTIC-CANDIDATE,8,/home/kei/a10_projects/A10_TVC_Galaxy_Rotation_Curve_Residual_Diagnostic/data/Rotmod_LTG/DDO170_rotmod.dat,18.01370609792245,2840.4841360671116,3.5273064460853814,shuffled_radius_rrf_nfixed,88.03673065106987,-70.02302455314742,saturating_n2,11.717421572432439,6.296284525490012
ESO079-G014,ROBUST-DIAGNOSTIC-CANDIDATE,15,/home/kei/a10_projects/A10_TVC_Galaxy_Rotation_Curve_Residual_Diagnostic/data/Rotmod_LTG/ESO079-G014_rotmod.dat,11.117397402823485,22220.237849109788,5.9837382962282595,outer_step_median,153.6697754993614,-142.55237809653792,saturating_n2,15.823758875086607,-4.706361472263122
ESO116-G012,ROBUST-DIAGNOSTIC-CANDIDATE,15,/home/kei/a10_projects/A10_TVC_Galaxy_Rotation_Curve_Residual_Diagnostic/data/Rotmod_LTG/ESO116-G012_rotmod.dat,32.55909484443075,9865.338439775594,2.8969057919667582,outer_step_median,377.02701022116514,-344.46791537673437,saturating_n2,14.316558576646685,18.242536267784068
ESO563-G021,ROBUST-DIAGNOSTIC-CANDIDATE,30,/home/kei/a10_projects/A10_TVC_Galaxy_Rotation_Curve_Residual_Diagnostic/data/Rotmod_LTG/ESO563-G021_rotmod.dat,140.21315165621476,70067.99216421216,6.598135385225629,outer_step_median,2614.0139823182585,-2473.8008306620436,saturating_n4,114.02425428956981,26.18889736664495
F563-1,NUISANCE-SENSITIVE-DIAGNOSTIC-SIGNAL,17,/home/kei/a10_projects/A10_TVC_Galaxy_Rotation_Curve_Residual_Diagnostic/data/Rotmod_LTG/F563-1_rotmod.dat,7.624271028319944,10121.671503794534,2.923649311306986,shuffled_radius_rrf_nfixed,66.5140437581176,-58.88977272979765,saturating_n4,7.497188175759414,0.1270828525605303
F563-V2,NUISANCE-SENSITIVE-DIAGNOSTIC-SIGNAL,10,/home/kei/a10_projects/A10_TVC_Galaxy_Rotation_Curve_Residual_Diagnostic/data/Rotmod_LTG/F563-V2_rotmod.dat,4.708991835066544,11878.758358634886,1.9823605092789671,outer_step_median,27.25587114466973,-22.546879309603185,saturating_n2,5.412530183747497,-0.7035383486809526
F568-1,ROBUST-DIAGNOSTIC-CANDIDATE,12,/home/kei/a10_projects/A10_TVC_Galaxy_Rotation_Curve_Residual_Diagnostic/data/Rotmod_LTG/F568-1_rotmod.dat,5.137576600069555,14458.677031943826,2.892353652836071,outer_step_median,64.93138735187827,-59.793810751808714,saturating_n2,4.697645167489913,0.43993143257964196
F568-3,ROBUST-DIAGNOSTIC-CANDIDATE,18,/home/kei/a10_projects/A10_TVC_Galaxy_Rotation_Curve_Residual_Diagnostic/data/Rotmod_LTG/F568-3_rotmod.dat,7.47955583482322,8603.666429164083,3.899314852117791,outer_step_median,114.59600344128951,-107.1164476064663,saturating_n4,9.91876831460596,-2.439212479782741
F568-V1,ROBUST-DIAGNOSTIC-CANDIDATE,15,/home/kei/a10_projects/A10_TVC_Galaxy_Rotation_Curve_Residual_Diagnostic/data/Rotmod_LTG/F568-V1_rotmod.dat,5.1288804752472705,11512.235339091305,2.5660908024264217,shuffled_radius_rrf_nfixed,22.80528191673156,-17.676401441484288,saturating_n2,4.992296804604347,0.13658367064292332
F571-8,ROBUST-DIAGNOSTIC-CANDIDATE,13,/home/kei/a10_projects/A10_TVC_Galaxy_Rotation_Curve_Residual_Diagnostic/data/Rotmod_LTG/F571-8_rotmod.dat,125.29267436253204,20349.452761649663,6.332370654410824,outer_step_median,217.32151375957298,-92.02883939704094,saturating_n4,118.17551454102262,7.117159821509418
F574-1,ROBUST-DIAGNOSTIC-CANDIDATE,14,/home/kei/a10_projects/A10_TVC_Galaxy_Rotation_Curve_Residual_Diagnostic/data/Rotmod_LTG/F574-1_rotmod.dat,7.140848262214439,7681.125502618162,2.7939947863041024,shuffled_radius_rrf_nfixed,203.96668405750034,-196.8258357952859,saturating_n2,5.167030537316909,1.97381772489753
F579-V1,ROBUST-DIAGNOSTIC-CANDIDATE,14,/home/kei/a10_projects/A10_TVC_Galaxy_Rotation_Curve_Residual_Diagnostic/data/Rotmod_LTG/F579-V1_rotmod.dat,6.010555254528066,8909.822042453947,0.9491516329392115,shuffled_radius_rrf_nfixed,6.4094235050548445,-0.3988682505267782,saturating_n2,4.173814652140359,1.8367406023877075
F583-1,ROBUST-DIAGNOSTIC-CANDIDATE,25,/home/kei/a10_projects/A10_TVC_Galaxy_Rotation_Curve_Residual_Diagnostic/data/Rotmod_LTG/F583-1_rotmod.dat,9.09839156237219,5211.592706147845,3.028560424814862,outer_step_median,143.1645883324877,-134.0661967701155,saturating_n2,8.889189506488133,0.20920205588405594
F583-4,CORE-PATHOLOGY-ARCHIVE,12,/home/kei/a10_projects/A10_TVC_Galaxy_Rotation_Curve_Residual_Diagnostic/data/Rotmod_LTG/F583-4_rotmod.dat,11.880428158236445,3002.66327849137,1.5866781783475674,shuffled_radius_rrf_nfixed,36.1447034423136,-24.264275284077154,saturating_n1,5.505223612276376,6.375204545960068
IC2574,ROBUST-DIAGNOSTIC-CANDIDATE,34,/home/kei/a10_projects/A10_TVC_Galaxy_Rotation_Curve_Residual_Diagnostic/data/Rotmod_LTG/IC2574_rotmod.dat,150.55443491822479,2952.619310909403,5.142523956180357,outer_step_median,1209.5177467448518,-1058.963311826627,saturating_n2,50.36732415765427,100.18711076057052
IC4202,ROBUST-DIAGNOSTIC-CANDIDATE,32,/home/kei/a10_projects/A10_TVC_Galaxy_Rotation_Curve_Residual_Diagnostic/data/Rotmod_LTG/IC4202_rotmod.dat,2636.9867453439592,32940.54028876165,5.598431246324753,shuffled_radius_rrf_nfixed,3958.422637624919,-1321.4358922809597,saturating_n6,2565.8201102965213,71.16663504743792
KK98-251,ROBUST-DIAGNOSTIC-CANDIDATE,15,/home/kei/a10_projects/A10_TVC_Galaxy_Rotation_Curve_Residual_Diagnostic/data/Rotmod_LTG/KK98-251_rotmod.dat,8.187189714841246,928.8724264707294,1.7162920468038985,outer_step_median,52.38607944324053,-44.19888972839929,saturating_n2,7.416581604263529,0.7706081105777169
NGC0024,ROBUST-DIAGNOSTIC-CANDIDATE,29,/home/kei/a10_projects/A10_TVC_Galaxy_Rotation_Curve_Residual_Diagnostic/data/Rotmod_LTG/NGC0024_rotmod.dat,23.787192191384374,9505.245613351262,1.1021845378274882,outer_step_median,216.39186242256173,-192.60467023117735,saturating_n2,12.301038353679505,11.486153837704869
NGC0055,ROBUST-DIAGNOSTIC-CANDIDATE,21,/home/kei/a10_projects/A10_TVC_Galaxy_Rotation_Curve_Residual_Diagnostic/data/Rotmod_LTG/NGC0055_rotmod.dat,13.680137323754371,5231.557438387967,4.7281922327022095,shuffled_radius_rrf_nfixed,319.5842900637339,-305.9041527399795,saturating_n2,11.411690080681893,2.268447243072478
NGC0100,ROBUST-DIAGNOSTIC-CANDIDATE,21,/home/kei/a10_projects/A10_TVC_Galaxy_Rotation_Curve_Residual_Diagnostic/data/Rotmod_LTG/NGC0100_rotmod.dat,11.83345438572703,6036.111464948796,3.275360309783798,shuffled_radius_rrf_nfixed,212.81396964614893,-200.9805152604219,saturating_n2,5.413268579948255,6.420185805778775
NGC0247,BARYONIC-ONLY-IMPROVEMENT-NFW-DOMINANT,26,/home/kei/a10_projects/A10_TVC_Galaxy_Rotation_Curve_Residual_Diagnostic/data/Rotmod_LTG/NGC0247_rotmod.dat,161.72121252058312,4761.738247008127,1.8868795068693138,shuffled_radius_rrf_nfixed,554.188661578123,-392.46744905753985,saturating_n1,38.562325887659114,123.15888663292401
NGC0289,ROBUST-DIAGNOSTIC-CANDIDATE,28,/home/kei/a10_projects/A10_TVC_Galaxy_Rotation_Curve_Residual_Diagnostic/data/Rotmod_LTG/NGC0289_rotmod.dat,63.28893554210363,21204.251952256443,6.827843038493158,shuffled_radius_rrf_nfixed,75.19501620755793,-11.906080665454297,saturating_n1,55.457134578174006,7.8318009639296235
NGC0300,WEAK-OR-REGIME-DEPENDENT-SIGNAL,25,/home/kei/a10_projects/A10_TVC_Galaxy_Rotation_Curve_Residual_Diagnostic/data/Rotmod_LTG/NGC0300_rotmod.dat,44.94206368961019,7342.766451363918,2.906784556533873,shuffled_radius_rrf_nfixed,411.544675917354,-366.60261222774386,saturating_n2,16.64280408682793,28.299259602782257
NGC0801,ROBUST-DIAGNOSTIC-CANDIDATE,13,/home/kei/a10_projects/A10_TVC_Galaxy_Rotation_Curve_Residual_Diagnostic/data/Rotmod_LTG/NGC0801_rotmod.dat,81.24479452413425,23638.463933204035,2.5992040358161796,shuffled_radius_rrf_nfixed,182.24589376772855,-101.0010992435943,saturating_n8,73.0663554503291,8.178439073805151
NGC0891,ROBUST-DIAGNOSTIC-CANDIDATE,18,/home/kei/a10_projects/A10_TVC_Galaxy_Rotation_Curve_Residual_Diagnostic/data/Rotmod_LTG/NGC0891_rotmod.dat,223.18651025564208,26409.378827121443,9.429072872889728,outer_step_median,308.20798234618434,-85.02147209054226,saturating_n8,179.69652744647934,43.48998280916274
NGC1003,BARYONIC-ONLY-IMPROVEMENT-NFW-DOMINANT,36,/home/kei/a10_projects/A10_TVC_Galaxy_Rotation_Curve_Residual_Diagnostic/data/Rotmod_LTG/NGC1003_rotmod.dat,315.2863023232723,9585.560481408793,6.773212761468839,shuffled_radius_rrf_nfixed,1011.1101808656489,-695.8238785423766,saturating_n1,83.29207194201072,231.9942303812616
NGC1090,WEAK-OR-REGIME-DEPENDENT-SIGNAL,24,/home/kei/a10_projects/A10_TVC_Galaxy_Rotation_Curve_Residual_Diagnostic/data/Rotmod_LTG/NGC1090_rotmod.dat,38.824334888359104,16880.63807413292,4.874004418503627,outer_step_median,869.2647344951347,-830.4403996067756,saturating_n2,36.088485770683995,2.7358491176751087
NGC1705,NUISANCE-SENSITIVE-DIAGNOSTIC-SIGNAL,14,/home/kei/a10_projects/A10_TVC_Galaxy_Rotation_Curve_Residual_Diagnostic/data/Rotmod_LTG/NGC1705_rotmod.dat,7.681651830628267,4413.8947966653,0.25021685369143276,shuffled_radius_rrf_nfixed,8.367976245079458,-0.6863244144511906,saturating_n1,4.674146118194403,3.007505712433864
NGC2366,ROBUST-DIAGNOSTIC-CANDIDATE,26,/home/kei/a10_projects/A10_TVC_Galaxy_Rotation_Curve_Residual_Diagnostic/data/Rotmod_LTG/NGC2366_rotmod.dat,11.533914097533142,2003.6174889919905,1.9254289104357913,outer_step_median,481.10473273266246,-469.5708186351293,saturating_n4,15.067632598295127,-3.533718500761985
NGC2403,BARYONIC-ONLY-IMPROVEMENT-NFW-DOMINANT,73,/home/kei/a10_projects/A10_TVC_Galaxy_Rotation_Curve_Residual_Diagnostic/data/Rotmod_LTG/NGC2403_rotmod.dat,2262.3445489642922,12623.372853472089,2.9622185380989627,outer_step_median,6226.605985390497,-3964.261436426205,exp_saturating,352.2180714421507,1910.1264775221416
NGC2683,ROBUST-DIAGNOSTIC-CANDIDATE,11,/home/kei/a10_projects/A10_TVC_Galaxy_Rotation_Curve_Residual_Diagnostic/data/Rotmod_LTG/NGC2683_rotmod.dat,12.698761952276055,19135.134712698316,3.130404109338659,shuffled_radius_rrf_nfixed,10.929021417140206,1.769740535135849,saturating_n4,12.844537366823584,-0.14577541454752918
NGC2841,ROBUST-DIAGNOSTIC-CANDIDATE,50,/home/kei/a10_projects/A10_TVC_Galaxy_Rotation_Curve_Residual_Diagnostic/data/Rotmod_LTG/NGC2841_rotmod.dat,76.7490258393455,63083.36838696662,3.58806669473571,constant_floor,193.91375376690496,-117.16472792755945,saturating_n2,75.19407541081681,1.5549504285286986
NGC2903,WEAK-OR-REGIME-DEPENDENT-SIGNAL,34,/home/kei/a10_projects/A10_TVC_Galaxy_Rotation_Curve_Residual_Diagnostic/data/Rotmod_LTG/NGC2903_rotmod.dat,929.2787425376008,23906.00330264495,6.152786266188065,shuffled_radius_rrf_nfixed,4175.6332324650375,-3246.3544899274366,saturating_n4,936.2716334986804,-6.992890961079638
NGC2915,ROBUST-DIAGNOSTIC-CANDIDATE,30,/home/kei/a10_projects/A10_TVC_Galaxy_Rotation_Curve_Residual_Diagnostic/data/Rotmod_LTG/NGC2915_rotmod.dat,20.024185693591928,6405.637087151737,1.810860941804743,shuffled_radius_rrf_nfixed,181.70738206333536,-161.68319636974343,saturating_n6,17.352613097228783,2.671572596363145
NGC2955,ROBUST-DIAGNOSTIC-CANDIDATE,24,/home/kei/a10_projects/A10_TVC_Galaxy_Rotation_Curve_Residual_Diagnostic/data/Rotmod_LTG/NGC2955_rotmod.dat,94.30287549039402,32319.50707735716,11.044576400827715,shuffled_radius_rrf_nfixed,123.21130315308241,-28.908427662688396,saturating_n6,92.4974646412254,1.8054108491686094
NGC2976,WEAK-OR-REGIME-DEPENDENT-SIGNAL,27,/home/kei/a10_projects/A10_TVC_Galaxy_Rotation_Curve_Residual_Diagnostic/data/Rotmod_LTG/NGC2976_rotmod.dat,15.416586010085217,3621.0416827885783,1.2086377842277103,outer_step_median,131.69790064579433,-116.28131463570912,saturating_n2,11.858976200618066,3.5576098094671504
NGC2998,BARYONIC-ONLY-IMPROVEMENT-NFW-DOMINANT,13,/home/kei/a10_projects/A10_TVC_Galaxy_Rotation_Curve_Residual_Diagnostic/data/Rotmod_LTG/NGC2998_rotmod.dat,45.336350775542044,28396.590451361597,1.883428867292742,shuffled_radius_rrf_nfixed,69.22587570469416,-23.889524929152117,saturating_n1,19.663609243423394,25.67274153211865
NGC3109,NUISANCE-SENSITIVE-DIAGNOSTIC-SIGNAL,25,/home/kei/a10_projects/A10_TVC_Galaxy_Rotation_Curve_Residual_Diagnostic/data/Rotmod_LTG/NGC3109_rotmod.dat,47.92852257846122,3654.0700622397244,2.4608454966738966,outer_step_median,414.25400238368314,-366.3254798052219,saturating_n2,7.60466712630289,40.32385545215833
NGC3198,BARYONIC-ONLY-IMPROVEMENT-NFW-DOMINANT,43,/home/kei/a10_projects/A10_TVC_Galaxy_Rotation_Curve_Residual_Diagnostic/data/Rotmod_LTG/NGC3198_rotmod.dat,104.4817569812316,17078.939414309356,5.5157211131286275,shuffled_radius_rrf_nfixed,1893.8413692855097,-1789.359612304278,saturating_n2,35.78978348560978,68.69197349562182
NGC3521,WEAK-OR-REGIME-DEPENDENT-SIGNAL,41,/home/kei/a10_projects/A10_TVC_Galaxy_Rotation_Curve_Residual_Diagnostic/data/Rotmod_LTG/NGC3521_rotmod.dat,54.38963633091515,26763.273898635394,4.838765173961326,shuffled_radius_rrf_nfixed,131.29510975128923,-76.90547342037408,saturating_n1,16.34691447628584,38.04272185462931
NGC3726,ROBUST-DIAGNOSTIC-CANDIDATE,12,/home/kei/a10_projects/A10_TVC_Galaxy_Rotation_Curve_Residual_Diagnostic/data/Rotmod_LTG/NGC3726_rotmod.dat,32.96151951536612,13376.714775278197,7.8836505591343125,shuffled_radius_rrf_nfixed,67.62820758752136,-34.66668807215524,saturating_n1,24.85921223566531,8.10230727970081
NGC3741,BARYONIC-ONLY-IMPROVEMENT-NFW-DOMINANT,21,/home/kei/a10_projects/A10_TVC_Galaxy_Rotation_Curve_Residual_Diagnostic/data/Rotmod_LTG/NGC3741_rotmod.dat,59.79956213936897,2163.0698662548666,2.188565236365109,outer_step_median,295.34543631766047,-235.5458741782915,arctan_saturating,10.117030121513118,49.682532017855856
NGC3769,ROBUST-DIAGNOSTIC-CANDIDATE,12,/home/kei/a10_projects/A10_TVC_Galaxy_Rotation_Curve_Residual_Diagnostic/data/Rotmod_LTG/NGC3769_rotmod.dat,6.9727382810749745,10623.338974852639,5.204362780505676,shuffled_radius_rrf_nfixed,39.43774731367937,-32.46500903260439,saturating_n4,6.443148020750376,0.5295902603245981
NGC3877,ROBUST-DIAGNOSTIC-CANDIDATE,13,/home/kei/a10_projects/A10_TVC_Galaxy_Rotation_Curve_Residual_Diagnostic/data/Rotmod_LTG/NGC3877_rotmod.dat,59.42355372904125,9979.390293630444,2.5146186409942675,shuffled_radius_rrf_nfixed,56.803579247195486,2.619974481845766,saturating_n8,44.75264347358368,14.67091025545757
NGC3893,ROBUST-DIAGNOSTIC-CANDIDATE,10,/home/kei/a10_projects/A10_TVC_Galaxy_Rotation_Curve_Residual_Diagnostic/data/Rotmod_LTG/NGC3893_rotmod.dat,5.535297620794564,20536.304378032444,4.206972570267574,shuffled_radius_rrf_nfixed,32.05642935345722,-26.521131732662653,saturating_n4,5.945743973184683,-0.4104463523901192
NGC3917,ROBUST-DIAGNOSTIC-CANDIDATE,17,/home/kei/a10_projects/A10_TVC_Galaxy_Rotation_Curve_Residual_Diagnostic/data/Rotmod_LTG/NGC3917_rotmod.dat,14.647601591136684,12572.996402810028,3.6612974208622937,shuffled_radius_rrf_nfixed,522.1448142821374,-507.49721269100075,saturating_n2,21.406409887075334,-6.75880829593865
NGC3953,WEAK-OR-REGIME-DEPENDENT-SIGNAL,8,/home/kei/a10_projects/A10_TVC_Galaxy_Rotation_Curve_Residual_Diagnostic/data/Rotmod_LTG/NGC3953_rotmod.dat,4.745370256360253,20639.708050169873,3.121156619259553,shuffled_radius_rrf_nfixed,4.760917281069219,-0.015547024708965296,saturating_n4,4.712414515561643,0.0329557407986103
NGC3972,ROBUST-DIAGNOSTIC-CANDIDATE,10,/home/kei/a10_projects/A10_TVC_Galaxy_Rotation_Curve_Residual_Diagnostic/data/Rotmod_LTG/NGC3972_rotmod.dat,16.783590497606998,10497.101136997611,2.623724068846401,shuffled_radius_rrf_nfixed,78.6302585025964,-61.84666800498941,saturating_n2,10.014495412490646,6.769095085116351
NGC3992,ROBUST-DIAGNOSTIC-CANDIDATE,9,/home/kei/a10_projects/A10_TVC_Galaxy_Rotation_Curve_Residual_Diagnostic/data/Rotmod_LTG/NGC3992_rotmod.dat,7.24924102557846,43090.89195989909,5.155411210648926,constant_floor,7.5967460694049205,-0.34750504382646064,exp_saturating,7.131974025811427,0.11726699976703259
NGC4010,ROBUST-DIAGNOSTIC-CANDIDATE,12,/home/kei/a10_projects/A10_TVC_Galaxy_Rotation_Curve_Residual_Diagnostic/data/Rotmod_LTG/NGC4010_rotmod.dat,13.270572857107753,11569.612160803768,5.08886139474887,outer_step_median,51.10168684487394,-37.83111398776619,saturating_n4,12.52943896105093,0.741133896056823
NGC4013,WEAK-OR-REGIME-DEPENDENT-SIGNAL,36,/home/kei/a10_projects/A10_TVC_Galaxy_Rotation_Curve_Residual_Diagnostic/data/Rotmod_LTG/NGC4013_rotmod.dat,95.72973808312997,20824.902054562237,8.18475822216528,shuffled_radius_rrf_nfixed,247.04516505580702,-151.31542697267705,saturating_n1,36.8509613736067,58.87877670952327
NGC4088,ROBUST-DIAGNOSTIC-CANDIDATE,12,/home/kei/a10_projects/A10_TVC_Galaxy_Rotation_Curve_Residual_Diagnostic/data/Rotmod_LTG/NGC4088_rotmod.dat,11.87828080081249,42480.21156866856,24.949769128208793,outer_step_median,27.643909379755726,-15.765628578943236,saturating_n4,11.653158018871737,0.22512278194075286
NGC4100,WEAK-OR-REGIME-DEPENDENT-SIGNAL,24,/home/kei/a10_projects/A10_TVC_Galaxy_Rotation_Curve_Residual_Diagnostic/data/Rotmod_LTG/NGC4100_rotmod.dat,23.29910034716039,20472.366039367862,3.150717766701765,shuffled_radius_rrf_nfixed,56.653443923163664,-33.354343576003274,saturating_n4,24.152237490385748,-0.8531371432253572
NGC4157,NUISANCE-SENSITIVE-DIAGNOSTIC-SIGNAL,17,/home/kei/a10_projects/A10_TVC_Galaxy_Rotation_Curve_Residual_Diagnostic/data/Rotmod_LTG/NGC4157_rotmod.dat,14.628126941844279,22815.641539152202,12.13219040847764,shuffled_radius_rrf_nfixed,91.27137376133363,-76.64324681948935,saturating_n2,9.994711829278115,4.633415112566164
NGC4183,ROBUST-DIAGNOSTIC-CANDIDATE,23,/home/kei/a10_projects/A10_TVC_Galaxy_Rotation_Curve_Residual_Diagnostic/data/Rotmod_LTG/NGC4183_rotmod.dat,13.444592010561784,8529.522119321326,2.6356157860499865,shuffled_radius_rrf_nfixed,97.04491952945912,-83.60032751889733,arctan_saturating,6.911293509608386,6.533298500953398
NGC4214,WEAK-OR-REGIME-DEPENDENT-SIGNAL,14,/home/kei/a10_projects/A10_TVC_Galaxy_Rotation_Curve_Residual_Diagnostic/data/Rotmod_LTG/NGC4214_rotmod.dat,23.005263738770417,5317.460921651449,1.0660893066475543,shuffled_radius_rrf_nfixed,26.55013204256592,-3.5448683037955036,saturating_n1,9.731321209797276,13.27394252897314
NGC4217,ROBUST-DIAGNOSTIC-CANDIDATE,19,/home/kei/a10_projects/A10_TVC_Galaxy_Rotation_Curve_Residual_Diagnostic/data/Rotmod_LTG/NGC4217_rotmod.dat,1054.412555713761,30258.24142669095,14.758539936289798,outer_step_median,1028.6320435012499,25.780512212511212,saturating_n8,1025.348836182175,29.063719531586003
NGC4559,ROBUST-DIAGNOSTIC-CANDIDATE,32,/home/kei/a10_projects/A10_TVC_Galaxy_Rotation_Curve_Residual_Diagnostic/data/Rotmod_LTG/NGC4559_rotmod.dat,21.665410289938052,10039.115791255546,5.977438409965855,shuffled_radius_rrf_nfixed,227.89982888685103,-206.23441859691297,saturating_n2,12.709215138420781,8.95619515151727
NGC5005,WEAK-OR-REGIME-DEPENDENT-SIGNAL,18,/home/kei/a10_projects/A10_TVC_Galaxy_Rotation_Curve_Residual_Diagnostic/data/Rotmod_LTG/NGC5005_rotmod.dat,10.431741710904125,31442.465801631577,6.574611810185444,outer_step_median,11.29170605294673,-0.8599643420426037,saturating_n4,10.358651215955476,0.07309049494864972
NGC5033,WEAK-OR-REGIME-DEPENDENT-SIGNAL,22,/home/kei/a10_projects/A10_TVC_Galaxy_Rotation_Curve_Residual_Diagnostic/data/Rotmod_LTG/NGC5033_rotmod.dat,93.09582072882228,31363.32047813595,6.816820843949647,shuffled_radius_rrf_nfixed,274.43128938151193,-181.33546865268966,saturating_n4,91.30966293763333,1.7861577911889412
NGC5055,ROBUST-DIAGNOSTIC-CANDIDATE,28,/home/kei/a10_projects/A10_TVC_Galaxy_Rotation_Curve_Residual_Diagnostic/data/Rotmod_LTG/NGC5055_rotmod.dat,63.36255160932505,22581.531746653745,11.81597718984074,outer_step_median,1942.3668196677202,-1879.0042680583952,saturating_n4,58.39427651505371,4.968275094271341
NGC5371,CORE-PATHOLOGY-ARCHIVE,19,/home/kei/a10_projects/A10_TVC_Galaxy_Rotation_Curve_Residual_Diagnostic/data/Rotmod_LTG/NGC5371_rotmod.dat,85.33955083793701,16036.317683215531,0.48333333333333334,shuffled_radius_rrf_nfixed,79.05887503794037,6.280675799996644,saturating_n8,85.20960720244048,0.12994363549653087
NGC5585,ROBUST-DIAGNOSTIC-CANDIDATE,24,/home/kei/a10_projects/A10_TVC_Galaxy_Rotation_Curve_Residual_Diagnostic/data/Rotmod_LTG/NGC5585_rotmod.dat,119.43536468801531,6676.847446759447,3.2430327743566965,outer_step_median,682.1859195791534,-562.7505548911381,saturating_n2,100.9641981686992,18.471166519316114
NGC5907,WEAK-OR-REGIME-DEPENDENT-SIGNAL,19,/home/kei/a10_projects/A10_TVC_Galaxy_Rotation_Curve_Residual_Diagnostic/data/Rotmod_LTG/NGC5907_rotmod.dat,70.77196199652438,30282.565683741665,2.3939744296144965,shuffled_radius_rrf_nfixed,61.05446709452569,9.717494901998691,saturating_n1,58.06742625545656,12.704535741067822
NGC5985,ROBUST-DIAGNOSTIC-CANDIDATE,33,/home/kei/a10_projects/A10_TVC_Galaxy_Rotation_Curve_Residual_Diagnostic/data/Rotmod_LTG/NGC5985_rotmod.dat,50.20884694407508,61178.98884214001,3.4185271035037696,shuffled_radius_rrf_nfixed,175.65994989667803,-125.45110295260295,saturating_n4,48.757468744661914,1.4513781994131634
NGC6015,WEAK-OR-REGIME-DEPENDENT-SIGNAL,44,/home/kei/a10_projects/A10_TVC_Galaxy_Rotation_Curve_Residual_Diagnostic/data/Rotmod_LTG/NGC6015_rotmod.dat,450.64046069130103,14375.966934734288,1.7333583699434238,shuffled_radius_rrf_nfixed,1380.823576843218,-930.1831161519169,arctan_saturating,298.4319191113753,152.20854157992574
NGC6195,ROBUST-DIAGNOSTIC-CANDIDATE,23,/home/kei/a10_projects/A10_TVC_Galaxy_Rotation_Curve_Residual_Diagnostic/data/Rotmod_LTG/NGC6195_rotmod.dat,57.04303128175522,31375.448601635788,17.661717373104388,outer_step_median,139.41831814722553,-82.37528686547031,arctan_saturating,48.24535398681911,8.797677294936108
NGC6503,WEAK-OR-REGIME-DEPENDENT-SIGNAL,31,/home/kei/a10_projects/A10_TVC_Galaxy_Rotation_Curve_Residual_Diagnostic/data/Rotmod_LTG/NGC6503_rotmod.dat,70.0377764974611,10627.046295656653,3.522105352311774,shuffled_radius_rrf_nfixed,408.77804850450025,-338.74027200703915,saturating_n2,42.685362205111076,27.35241429235002
NGC6674,ROBUST-DIAGNOSTIC-CANDIDATE,15,/home/kei/a10_projects/A10_TVC_Galaxy_Rotation_Curve_Residual_Diagnostic/data/Rotmod_LTG/NGC6674_rotmod.dat,89.0430178251194,44610.71292062906,1.7826955098898467,shuffled_radius_rrf_nfixed,78.1484158740617,10.894601951057709,saturating_n8,88.34901164055182,0.6940061845675842
NGC6946,ROBUST-DIAGNOSTIC-CANDIDATE,58,/home/kei/a10_projects/A10_TVC_Galaxy_Rotation_Curve_Residual_Diagnostic/data/Rotmod_LTG/NGC6946_rotmod.dat,115.85159006581566,13998.353335384403,4.91464219598041,shuffled_radius_rrf_nfixed,1220.3441279735412,-1104.4925379077256,saturating_n2,111.43688585742127,4.414704208394383
NGC7331,WEAK-OR-REGIME-DEPENDENT-SIGNAL,36,/home/kei/a10_projects/A10_TVC_Galaxy_Rotation_Curve_Residual_Diagnostic/data/Rotmod_LTG/NGC7331_rotmod.dat,142.81409394509475,37738.79750892672,16.829695014107042,outer_step_median,927.3211868733433,-784.5070929282485,saturating_n2,150.85063138855207,-8.03653744345732
NGC7793,WEAK-OR-REGIME-DEPENDENT-SIGNAL,46,/home/kei/a10_projects/A10_TVC_Galaxy_Rotation_Curve_Residual_Diagnostic/data/Rotmod_LTG/NGC7793_rotmod.dat,65.83283035315334,6350.23373545858,1.8267982502985338,outer_step_median,144.88478322054064,-79.0519528673873,saturating_n2,48.1086580795748,17.72417227357854
NGC7814,NUISANCE-SENSITIVE-DIAGNOSTIC-SIGNAL,18,/home/kei/a10_projects/A10_TVC_Galaxy_Rotation_Curve_Residual_Diagnostic/data/Rotmod_LTG/NGC7814_rotmod.dat,17.319215489351645,31556.021166315615,5.154268131962978,shuffled_radius_rrf_nfixed,157.3899511798859,-140.07073569053426,saturating_n2,15.435590302201966,1.8836251871496792
UGC00128,BARYONIC-ONLY-IMPROVEMENT-NFW-DOMINANT,22,/home/kei/a10_projects/A10_TVC_Galaxy_Rotation_Curve_Residual_Diagnostic/data/Rotmod_LTG/UGC00128_rotmod.dat,131.4028280306119,13867.06642207766,6.758797354034279,shuffled_radius_rrf_nfixed,524.5762070341349,-393.173379003523,exp_saturating,51.66524265924689,79.73758537136499
UGC00191,BARYONIC-ONLY-IMPROVEMENT-NFW-DOMINANT,9,/home/kei/a10_projects/A10_TVC_Galaxy_Rotation_Curve_Residual_Diagnostic/data/Rotmod_LTG/UGC00191_rotmod.dat,40.62754545124326,4860.723613987756,1.4281978457841327,outer_step_median,317.6290812460772,-277.00153579483396,saturating_n2,15.13057706856663,25.496968382676627
UGC00731,BARYONIC-ONLY-IMPROVEMENT-NFW-DOMINANT,12,/home/kei/a10_projects/A10_TVC_Galaxy_Rotation_Curve_Residual_Diagnostic/data/Rotmod_LTG/UGC00731_rotmod.dat,26.12102196064775,3811.8627197633996,1.7477389995650123,shuffled_radius_rrf_nfixed,88.05731920384675,-61.93629724319899,arctan_saturating,6.361543416159845,19.759478544487905
UGC01230,ROBUST-DIAGNOSTIC-CANDIDATE,11,/home/kei/a10_projects/A10_TVC_Galaxy_Rotation_Curve_Residual_Diagnostic/data/Rotmod_LTG/UGC01230_rotmod.dat,5.501526886247664,9085.846107057172,3.100115933864687,shuffled_radius_rrf_nfixed,28.40603595009436,-22.904509063846696,saturating_n4,5.083763544595198,0.4177633416524662
UGC01281,ROBUST-DIAGNOSTIC-CANDIDATE,25,/home/kei/a10_projects/A10_TVC_Galaxy_Rotation_Curve_Residual_Diagnostic/data/Rotmod_LTG/UGC01281_rotmod.dat,18.21599165668804,2844.248721824812,2.1121922323386215,outer_step_median,75.85744312863369,-57.64145147194565,saturating_n2,14.635211350162441,3.5807803065255985
UGC02259,NUISANCE-SENSITIVE-DIAGNOSTIC-SIGNAL,8,/home/kei/a10_projects/A10_TVC_Galaxy_Rotation_Curve_Residual_Diagnostic/data/Rotmod_LTG/UGC02259_rotmod.dat,15.698609609789237,5882.591599355097,1.1279814560262293,shuffled_radius_rrf_nfixed,18.611953534644368,-2.9133439248551305,arctan_saturating,7.02373859020393,8.674871019585307
UGC02455,CORE-PATHOLOGY-ARCHIVE,8,/home/kei/a10_projects/A10_TVC_Galaxy_Rotation_Curve_Residual_Diagnostic/data/Rotmod_LTG/UGC02455_rotmod.dat,366.70896735200165,0.0,0.16666666666666666,constant_floor,364.70896735200165,2.0,saturating_n8,366.58426919625697,0.12469815574468157
UGC02487,WEAK-OR-REGIME-DEPENDENT-SIGNAL,17,/home/kei/a10_projects/A10_TVC_Galaxy_Rotation_Curve_Residual_Diagnostic/data/Rotmod_LTG/UGC02487_rotmod.dat,145.393959076668,90333.58948993485,5.257882346674229,reversed_rrf_nfixed,103.7049764390482,41.688982637619816,exp_saturating,143.3275915014917,2.066367575176315
UGC02885,WEAK-OR-REGIME-DEPENDENT-SIGNAL,19,/home/kei/a10_projects/A10_TVC_Galaxy_Rotation_Curve_Residual_Diagnostic/data/Rotmod_LTG/UGC02885_rotmod.dat,79.23660942820945,59224.620723943386,13.614628305332495,shuffled_radius_rrf_nfixed,116.58944023539281,-37.352830807183366,saturating_n1,37.25933857189202,41.977270856317425
UGC02916,NUISANCE-SENSITIVE-DIAGNOSTIC-SIGNAL,43,/home/kei/a10_projects/A10_TVC_Galaxy_Rotation_Curve_Residual_Diagnostic/data/Rotmod_LTG/UGC02916_rotmod.dat,1165.0448667405783,28526.98272106868,9.30517793961034,outer_step_median,1392.5360752303322,-227.49120848975394,saturating_n8,871.6473906110685,293.39747612950976
UGC02953,ROBUST-DIAGNOSTIC-CANDIDATE,115,/home/kei/a10_projects/A10_TVC_Galaxy_Rotation_Curve_Residual_Diagnostic/data/Rotmod_LTG/UGC02953_rotmod.dat,386.57276230812886,52103.423403989174,5.19955368216639,outer_step_median,4300.955546547543,-3914.3827842394144,saturating_n2,383.73331731364857,2.8394449944802886
UGC03205,ROBUST-DIAGNOSTIC-CANDIDATE,48,/home/kei/a10_projects/A10_TVC_Galaxy_Rotation_Curve_Residual_Diagnostic/data/Rotmod_LTG/UGC03205_rotmod.dat,133.87988276021207,29922.23404655267,2.5222328186495804,shuffled_radius_rrf_nfixed,421.27787270633144,-287.39798994611937,arctan_saturating,122.66233236742775,11.217550392784318
UGC03546,ROBUST-DIAGNOSTIC-CANDIDATE,30,/home/kei/a10_projects/A10_TVC_Galaxy_Rotation_Curve_Residual_Diagnostic/data/Rotmod_LTG/UGC03546_rotmod.dat,48.65240382364379,24340.81251533685,8.053233044379319,outer_step_median,139.06791140355153,-90.41550757990774,saturating_n4,46.623056103305,2.029347720338791
UGC03580,WEAK-OR-REGIME-DEPENDENT-SIGNAL,47,/home/kei/a10_projects/A10_TVC_Galaxy_Rotation_Curve_Residual_Diagnostic/data/Rotmod_LTG/UGC03580_rotmod.dat,1192.5705163166383,12280.17749551132,7.919102317108258,outer_step_median,3407.564013997338,-2214.9934976807,saturating_n4,1225.255247248509,-32.68473093187072
UGC04278,WEAK-OR-REGIME-DEPENDENT-SIGNAL,25,/home/kei/a10_projects/A10_TVC_Galaxy_Rotation_Curve_Residual_Diagnostic/data/Rotmod_LTG/UGC04278_rotmod.dat,38.981644403319194,6900.530507242608,3.6613420213022017,outer_step_median,181.42197370159047,-142.44032929827128,saturating_n2,19.24465386516526,19.736990538153933
UGC04305,WEAK-OR-REGIME-DEPENDENT-SIGNAL,22,/home/kei/a10_projects/A10_TVC_Galaxy_Rotation_Curve_Residual_Diagnostic/data/Rotmod_LTG/UGC04305_rotmod.dat,34.419421980601,194.81769556333128,0.7026337880432265,shuffled_radius_rrf_nfixed,32.00536416489565,2.4140578157053483,saturating_n8,33.42042559466104,0.9989963859399609
UGC04325,ROBUST-DIAGNOSTIC-CANDIDATE,8,/home/kei/a10_projects/A10_TVC_Galaxy_Rotation_Curve_Residual_Diagnostic/data/Rotmod_LTG/UGC04325_rotmod.dat,5.8644869595864435,6540.528576990606,1.0859323833668006,shuffled_radius_rrf_nfixed,36.2750998913625,-30.410612931776058,saturating_n2,7.897408392019842,-2.0329214324333984
UGC04483,ROBUST-DIAGNOSTIC-CANDIDATE,8,/home/kei/a10_projects/A10_TVC_Galaxy_Rotation_Curve_Residual_Diagnostic/data/Rotmod_LTG/UGC04483_rotmod.dat,5.492063531349612,398.34535272858494,0.4201750724301368,shuffled_radius_rrf_nfixed,25.278710874817826,-19.786647343468214,saturating_n2,5.4681428884954,0.023920642854212026
UGC04499,ROBUST-DIAGNOSTIC-CANDIDATE,9,/home/kei/a10_projects/A10_TVC_Galaxy_Rotation_Curve_Residual_Diagnostic/data/Rotmod_LTG/UGC04499_rotmod.dat,7.6253522098874384,3802.8964074243,2.366622773977502,shuffled_radius_rrf_nfixed,49.780611039614016,-42.15525882972658,saturating_n2,5.61685162929674,2.008500580590699
UGC05005,ROBUST-DIAGNOSTIC-CANDIDATE,11,/home/kei/a10_projects/A10_TVC_Galaxy_Rotation_Curve_Residual_Diagnostic/data/Rotmod_LTG/UGC05005_rotmod.dat,5.024778599013484,8214.802516008602,7.958018603828539,outer_step_median,24.760378876400384,-19.7356002773869,saturating_n2,4.189442221286661,0.835336377726823
UGC05253,ROBUST-DIAGNOSTIC-CANDIDATE,73,/home/kei/a10_projects/A10_TVC_Galaxy_Rotation_Curve_Residual_Diagnostic/data/Rotmod_LTG/UGC05253_rotmod.dat,305.87536755707333,34777.26702898905,6.977644776251372,outer_step_median,2232.0286905870257,-1926.1533230299524,saturating_n2,173.84321729025015,132.03215026682318
UGC05716,BARYONIC-ONLY-IMPROVEMENT-NFW-DOMINANT,12,/home/kei/a10_projects/A10_TVC_Galaxy_Rotation_Curve_Residual_Diagnostic/data/Rotmod_LTG/UGC05716_rotmod.dat,66.50490779326523,4303.061195963649,2.7724734879650303,shuffled_radius_rrf_nfixed,281.51251841261654,-215.0076106193513,exp_saturating,15.888085632998939,50.616822160266295
UGC05721,ROBUST-DIAGNOSTIC-CANDIDATE,23,/home/kei/a10_projects/A10_TVC_Galaxy_Rotation_Curve_Residual_Diagnostic/data/Rotmod_LTG/UGC05721_rotmod.dat,18.905803982132447,5575.972294198512,0.8756415901707212,shuffled_radius_rrf_nfixed,195.21126545764787,-176.30546147551541,saturating_n2,16.097812330128967,2.80799165200348
UGC05750,ROBUST-DIAGNOSTIC-CANDIDATE,11,/home/kei/a10_projects/A10_TVC_Galaxy_Rotation_Curve_Residual_Diagnostic/data/Rotmod_LTG/UGC05750_rotmod.dat,4.273824170387387,4520.676189926946,5.241805961496437,outer_step_median,24.216615957941862,-19.942791787554476,saturating_n4,4.7972229854271475,-0.5233988150397604
UGC05764,NUISANCE-SENSITIVE-DIAGNOSTIC-SIGNAL,10,/home/kei/a10_projects/A10_TVC_Galaxy_Rotation_Curve_Residual_Diagnostic/data/Rotmod_LTG/UGC05764_rotmod.dat,28.792025383609833,2545.268502494359,0.895222465086211,shuffled_radius_rrf_nfixed,260.7754579110876,-231.98343252747776,saturating_n2,23.313374445715183,5.478650937894649
UGC05829,NUISANCE-SENSITIVE-DIAGNOSTIC-SIGNAL,11,/home/kei/a10_projects/A10_TVC_Galaxy_Rotation_Curve_Residual_Diagnostic/data/Rotmod_LTG/UGC05829_rotmod.dat,10.52102293772397,2535.392216610464,2.2661019391716524,shuffled_radius_rrf_nfixed,31.62661695065389,-21.10559401292992,arctan_saturating,4.858892371850105,5.6621305658738645
UGC05918,NUISANCE-SENSITIVE-DIAGNOSTIC-SIGNAL,8,/home/kei/a10_projects/A10_TVC_Galaxy_Rotation_Curve_Residual_Diagnostic/data/Rotmod_LTG/UGC05918_rotmod.dat,5.610039051904307,1404.9446817091548,1.1098339559806665,shuffled_radius_rrf_nfixed,9.758385584739573,-4.148346532835266,saturating_n2,4.173179785248746,1.4368592666555609
UGC05986,ROBUST-DIAGNOSTIC-CANDIDATE,15,/home/kei/a10_projects/A10_TVC_Galaxy_Rotation_Curve_Residual_Diagnostic/data/Rotmod_LTG/UGC05986_rotmod.dat,18.2131921811362,11149.837162371106,2.659177388095832,shuffled_radius_rrf_nfixed,362.4857753050015,-344.2725831238653,saturating_n2,16.44413428548831,1.7690578956478902
UGC06399,ROBUST-DIAGNOSTIC-CANDIDATE,9,/home/kei/a10_projects/A10_TVC_Galaxy_Rotation_Curve_Residual_Diagnostic/data/Rotmod_LTG/UGC06399_rotmod.dat,6.237485952113435,5894.881881133879,2.6549936942068735,shuffled_radius_rrf_nfixed,45.04190605629812,-38.804420104184686,saturating_n2,4.279788883922859,1.9576970681905754
UGC06446,NUISANCE-SENSITIVE-DIAGNOSTIC-SIGNAL,17,/home/kei/a10_projects/A10_TVC_Galaxy_Rotation_Curve_Residual_Diagnostic/data/Rotmod_LTG/UGC06446_rotmod.dat,16.513267203971303,5119.355926327093,1.488485480094818,shuffled_radius_rrf_nfixed,70.78025243902755,-54.26698523505625,arctan_saturating,7.234714325457192,9.27855287851411
UGC06614,ROBUST-DIAGNOSTIC-CANDIDATE,13,/home/kei/a10_projects/A10_TVC_Galaxy_Rotation_Curve_Residual_Diagnostic/data/Rotmod_LTG/UGC06614_rotmod.dat,5.858099789227744,32261.27247662076,17.73857156317811,outer_step_median,40.586662273534444,-34.7285624843067,saturating_n2,6.306184814894065,-0.44808502566632136
UGC06667,NUISANCE-SENSITIVE-DIAGNOSTIC-SIGNAL,9,/home/kei/a10_projects/A10_TVC_Galaxy_Rotation_Curve_Residual_Diagnostic/data/Rotmod_LTG/UGC06667_rotmod.dat,13.009754540097136,6249.775797056001,2.3394360602912423,shuffled_radius_rrf_nfixed,167.13414941056567,-154.12439487046854,saturating_n2,4.928459011892355,8.08129552820478
UGC06786,BARYONIC-ONLY-IMPROVEMENT-NFW-DOMINANT,45,/home/kei/a10_projects/A10_TVC_Galaxy_Rotation_Curve_Residual_Diagnostic/data/Rotmod_LTG/UGC06786_rotmod.dat,241.3400897216561,39474.67813989485,4.605576335796709,shuffled_radius_rrf_nfixed,2202.155293313973,-1960.8152035923167,exp_saturating,45.84296005386677,195.49712966778935
UGC06787,WEAK-OR-REGIME-DEPENDENT-SIGNAL,71,/home/kei/a10_projects/A10_TVC_Galaxy_Rotation_Curve_Residual_Diagnostic/data/Rotmod_LTG/UGC06787_rotmod.dat,1694.6501848978216,41550.68498098121,5.735722114168681,outer_step_median,5231.075654791352,-3536.42546989353,saturating_n2,1671.9172753080945,22.732909589727115
UGC06818,ROBUST-DIAGNOSTIC-CANDIDATE,8,/home/kei/a10_projects/A10_TVC_Galaxy_Rotation_Curve_Residual_Diagnostic/data/Rotmod_LTG/UGC06818_rotmod.dat,7.423060020468364,6388.927607084973,5.0805119132338215,outer_step_median,17.06877957142637,-9.645719550958004,saturating_n6,5.379653885121563,2.0434061353468014
UGC06917,ROBUST-DIAGNOSTIC-CANDIDATE,11,/home/kei/a10_projects/A10_TVC_Galaxy_Rotation_Curve_Residual_Diagnostic/data/Rotmod_LTG/UGC06917_rotmod.dat,7.900982466103529,8251.457448440917,2.814495980836729,shuffled_radius_rrf_nfixed,75.63758588929105,-67.73660342318752,saturating_n2,5.5309114717266326,2.3700709943768965
UGC06930,ROBUST-DIAGNOSTIC-CANDIDATE,10,/home/kei/a10_projects/A10_TVC_Galaxy_Rotation_Curve_Residual_Diagnostic/data/Rotmod_LTG/UGC06930_rotmod.dat,5.215175749496632,7935.807012529934,2.7875325597811362,shuffled_radius_rrf_nfixed,12.852092802466284,-7.636917052969652,saturating_n2,4.729014869259633,0.48616088023699877
UGC06973,CORE-PATHOLOGY-ARCHIVE,9,/home/kei/a10_projects/A10_TVC_Galaxy_Rotation_Curve_Residual_Diagnostic/data/Rotmod_LTG/UGC06973_rotmod.dat,819.4779325371054,493549.0011561975,23.549999999999997,outer_step_median,809.3678352165746,10.110097320530826,saturating_n8,794.9665770608589,24.511355476246536
UGC06983,NUISANCE-SENSITIVE-DIAGNOSTIC-SIGNAL,17,/home/kei/a10_projects/A10_TVC_Galaxy_Rotation_Curve_Residual_Diagnostic/data/Rotmod_LTG/UGC06983_rotmod.dat,9.964234628635518,9115.252084392569,2.5640736597790346,shuffled_radius_rrf_nfixed,54.57215010899191,-44.6079154803564,saturating_n2,9.942193518904148,0.022041109731370412
UGC07089,ROBUST-DIAGNOSTIC-CANDIDATE,12,/home/kei/a10_projects/A10_TVC_Galaxy_Rotation_Curve_Residual_Diagnostic/data/Rotmod_LTG/UGC07089_rotmod.dat,9.461978593336175,4027.1099493671923,4.11377531148767,shuffled_radius_rrf_nfixed,47.577546907756,-38.115568314419825,saturating_n2,5.669643247535543,3.792335345800632
UGC07125,ROBUST-DIAGNOSTIC-CANDIDATE,13,/home/kei/a10_projects/A10_TVC_Galaxy_Rotation_Curve_Residual_Diagnostic/data/Rotmod_LTG/UGC07125_rotmod.dat,8.692792327122257,2502.3153835870207,4.151446024888451,shuffled_radius_rrf_nfixed,39.98364194712527,-31.290849620003016,saturating_n2,7.431497485437453,1.261294841684804
UGC07151,ROBUST-DIAGNOSTIC-CANDIDATE,11,/home/kei/a10_projects/A10_TVC_Galaxy_Rotation_Curve_Residual_Diagnostic/data/Rotmod_LTG/UGC07151_rotmod.dat,8.836798657261166,3386.1820321757095,1.2113621885421082,shuffled_radius_rrf_nfixed,53.64488975126131,-44.80809109400015,saturating_n2,11.046309193324436,-2.20951053606327
UGC07323,ROBUST-DIAGNOSTIC-CANDIDATE,10,/home/kei/a10_projects/A10_TVC_Galaxy_Rotation_Curve_Residual_Diagnostic/data/Rotmod_LTG/UGC07323_rotmod.dat,10.371997724342702,4864.699831944239,3.0357172992681503,outer_step_median,54.191947339912346,-43.81994961556964,saturating_n2,6.289690597021998,4.082307127320703
UGC07399,WEAK-OR-REGIME-DEPENDENT-SIGNAL,10,/home/kei/a10_projects/A10_TVC_Galaxy_Rotation_Curve_Residual_Diagnostic/data/Rotmod_LTG/UGC07399_rotmod.dat,25.19060775348276,7946.124512276623,1.0967033820785235,shuffled_radius_rrf_nfixed,159.18835464768344,-133.99774689420067,saturating_n2,7.591217204598916,17.599390548883843
UGC07524,WEAK-OR-REGIME-DEPENDENT-SIGNAL,31,/home/kei/a10_projects/A10_TVC_Galaxy_Rotation_Curve_Residual_Diagnostic/data/Rotmod_LTG/UGC07524_rotmod.dat,30.738328201171758,4644.735145312057,2.956482936935316,outer_step_median,520.8405558502756,-490.1022276491038,saturating_n2,12.065166205333398,18.67316199583836
UGC07577,CORE-PATHOLOGY-ARCHIVE,9,/home/kei/a10_projects/A10_TVC_Galaxy_Rotation_Curve_Residual_Diagnostic/data/Rotmod_LTG/UGC07577_rotmod.dat,4.517804922188666,5226.47353165872,5.07,outer_step_median,4.023422606764522,0.49438231542414357,saturating_n4,4.4721926737581,0.045612248430566105
UGC07603,ROBUST-DIAGNOSTIC-CANDIDATE,12,/home/kei/a10_projects/A10_TVC_Galaxy_Rotation_Curve_Residual_Diagnostic/data/Rotmod_LTG/UGC07603_rotmod.dat,6.899608981535129,3394.8049527366134,1.2022264766620612,shuffled_radius_rrf_nfixed,215.0474615864608,-208.14785260492567,saturating_n2,5.766407255779656,1.1332017257554732
UGC07608,ROBUST-DIAGNOSTIC-CANDIDATE,8,/home/kei/a10_projects/A10_TVC_Galaxy_Rotation_Curve_Residual_Diagnostic/data/Rotmod_LTG/UGC07608_rotmod.dat,5.105947506351235,3787.232807508991,1.8858679458382064,shuffled_radius_rrf_nfixed,21.664685862628623,-16.558738356277388,saturating_n2,4.4397288370824795,0.6662186692687557
UGC08286,NUISANCE-SENSITIVE-DIAGNOSTIC-SIGNAL,17,/home/kei/a10_projects/A10_TVC_Galaxy_Rotation_Curve_Residual_Diagnostic/data/Rotmod_LTG/UGC08286_rotmod.dat,25.401216416439905,5563.656832756115,1.3777751402338965,shuffled_radius_rrf_nfixed,250.52985444823364,-225.12863803179374,saturating_n2,12.801306798271467,12.599909618168438
UGC08490,WEAK-OR-REGIME-DEPENDENT-SIGNAL,30,/home/kei/a10_projects/A10_TVC_Galaxy_Rotation_Curve_Residual_Diagnostic/data/Rotmod_LTG/UGC08490_rotmod.dat,22.09935298214661,5227.839259777744,0.9956052101599402,shuffled_radius_rrf_nfixed,90.32969700395559,-68.23034402180897,exp_saturating,7.321115029408361,14.778237952738248
UGC08550,NUISANCE-SENSITIVE-DIAGNOSTIC-SIGNAL,11,/home/kei/a10_projects/A10_TVC_Galaxy_Rotation_Curve_Residual_Diagnostic/data/Rotmod_LTG/UGC08550_rotmod.dat,20.371305869094105,2440.9312770554056,0.8798262744779028,shuffled_radius_rrf_nfixed,56.0988618974272,-35.7275560283331,saturating_n2,9.085812201602096,11.285493667492009
UGC08699,BARYONIC-ONLY-IMPROVEMENT-NFW-DOMINANT,41,/home/kei/a10_projects/A10_TVC_Galaxy_Rotation_Curve_Residual_Diagnostic/data/Rotmod_LTG/UGC08699_rotmod.dat,110.36196500510164,19255.269468524086,2.3190402536585824,shuffled_radius_rrf_nfixed,421.70207358070945,-311.3401085756078,saturating_n1,38.52825986877991,71.83370513632173
UGC08837,ROBUST-DIAGNOSTIC-CANDIDATE,8,/home/kei/a10_projects/A10_TVC_Galaxy_Rotation_Curve_Residual_Diagnostic/data/Rotmod_LTG/UGC08837_rotmod.dat,5.761786851222767,2263.8953526020655,3.345911148564107,outer_step_median,29.28012210908429,-23.518335257861523,saturating_n2,6.233720819753175,-0.4719339685304078
UGC09037,ROBUST-DIAGNOSTIC-CANDIDATE,22,/home/kei/a10_projects/A10_TVC_Galaxy_Rotation_Curve_Residual_Diagnostic/data/Rotmod_LTG/UGC09037_rotmod.dat,101.06109869891533,17178.040640800053,13.82882565131004,outer_step_median,208.20973235243923,-107.1486336535239,saturating_n4,98.71270087718011,2.348397821735219
UGC09133,ROBUST-DIAGNOSTIC-CANDIDATE,68,/home/kei/a10_projects/A10_TVC_Galaxy_Rotation_Curve_Residual_Diagnostic/data/Rotmod_LTG/UGC09133_rotmod.dat,279.4851440063043,40202.68027440214,7.632958469016252,outer_step_median,1469.260410470039,-1189.7752664637346,saturating_n4,287.6606891927511,-8.175545186446755
UGC11455,ROBUST-DIAGNOSTIC-CANDIDATE,36,/home/kei/a10_projects/A10_TVC_Galaxy_Rotation_Curve_Residual_Diagnostic/data/Rotmod_LTG/UGC11455_rotmod.dat,128.34906324438793,41565.55742551837,10.421883442699809,outer_step_median,442.64496546237126,-314.2959022179833,saturating_n2,123.75289381218016,4.596169432207773
UGC11557,ROBUST-DIAGNOSTIC-CANDIDATE,12,/home/kei/a10_projects/A10_TVC_Galaxy_Rotation_Curve_Residual_Diagnostic/data/Rotmod_LTG/UGC11557_rotmod.dat,29.6207051785545,3311.5746971749086,7.308364713365162,outer_step_median,27.388519819896324,2.2321853586581746,saturating_n8,28.80012902629612,0.8205761522583792
UGC11820,BARYONIC-ONLY-IMPROVEMENT-NFW-DOMINANT,10,/home/kei/a10_projects/A10_TVC_Galaxy_Rotation_Curve_Residual_Diagnostic/data/Rotmod_LTG/UGC11820_rotmod.dat,62.869531094981724,5214.5142057292105,5.140031936496754,outer_step_median,241.99377348519695,-179.12424239021522,saturating_n1,10.909124919752035,51.96040617522969
UGC11914,CORE-PATHOLOGY-ARCHIVE,65,/home/kei/a10_projects/A10_TVC_Galaxy_Rotation_Curve_Residual_Diagnostic/data/Rotmod_LTG/UGC11914_rotmod.dat,284.69645235175426,31960.717644114047,0.837791898451055,shuffled_radius_rrf_nfixed,482.89636527257085,-198.1999129208166,saturating_n1,195.86431587148155,88.83213648027271
UGC12506,BARYONIC-ONLY-IMPROVEMENT-NFW-DOMINANT,31,/home/kei/a10_projects/A10_TVC_Galaxy_Rotation_Curve_Residual_Diagnostic/data/Rotmod_LTG/UGC12506_rotmod.dat,18.614513431657386,42228.45731103607,3.16873315987255,shuffled_radius_rrf_nfixed,44.579113908046516,-25.96460047638913,exp_saturating,11.40545591261163,7.209057519045755
UGC12632,NUISANCE-SENSITIVE-DIAGNOSTIC-SIGNAL,15,/home/kei/a10_projects/A10_TVC_Galaxy_Rotation_Curve_Residual_Diagnostic/data/Rotmod_LTG/UGC12632_rotmod.dat,7.839577953094866,3938.353161301627,2.431397779319403,shuffled_radius_rrf_nfixed,99.96099288962212,-92.12141493652726,saturating_n2,4.758600024748009,3.080977928346857
UGC12732,BARYONIC-ONLY-IMPROVEMENT-NFW-DOMINANT,16,/home/kei/a10_projects/A10_TVC_Galaxy_Rotation_Curve_Residual_Diagnostic/data/Rotmod_LTG/UGC12732_rotmod.dat,39.85717166436257,5930.224649591072,2.940198316418664,shuffled_radius_rrf_nfixed,225.76282764365016,-185.9056559792876,saturating_n1,6.728007767359049,33.12916389700352
UGCA442,NUISANCE-SENSITIVE-DIAGNOSTIC-SIGNAL,8,/home/kei/a10_projects/A10_TVC_Galaxy_Rotation_Curve_Residual_Diagnostic/data/Rotmod_LTG/UGCA442_rotmod.dat,18.77388689106835,2917.8865000694605,2.28068790112428,shuffled_radius_rrf_nfixed,157.3794285670953,-138.60554167602695,saturating_n2,7.842861211344094,10.931025679724257
UGCA444,BARYONIC-ONLY-IMPROVEMENT-NFW-DOMINANT,36,/home/kei/a10_projects/A10_TVC_Galaxy_Rotation_Curve_Residual_Diagnostic/data/Rotmod_LTG/UGCA444_rotmod.dat,21.484600299505505,776.952176672063,0.8355662430474063,shuffled_radius_rrf_nfixed,99.35608850059478,-77.87148820108928,arctan_saturating,6.151492365693452,15.333107933812054
