galaxy,dcrra4_triangle_class,dcrra7_residual_map_zone,dcrra7_evidence_tier,dcrra7_proxy_support_flag,proxy_centroid_predicted_class,nearest_centroid_margin,dcrra3_recommended_class,dcrra3_class_stability,best_n,rrf_rc_over_rlast,rrf_A_over_vouter2,v_outer_kms,v_max_kms,gas_fraction_proxy,outer_baryon_fraction_proxy,n_points,estimated_family_delta_aic_minus_nfw_like,estimated_family_delta_aic_minus_rar_like,dcrra7_rationale,dcrra7_claim_boundary_note
CamB,PATHOLOGY_ARCHIVE,PATHOLOGY_ARCHIVE_ZONE,PASS_THROUGH_CAUTION,PROXY_MISMATCH_DIAGNOSTIC_CAUTION,UNRESOLVED_TRIANGULAR,0.7612043807837523,PATHOLOGY_ARCHIVE,STABLE,12.0,1.2047431932148416,3.504588462260784,16.8,20.1,0.1974420874210283,1.0734187216553288,9,-34.09554621684991,-327.8953577776145,Core/pathology guard active; archive from physical interpretation.,Diagnostic residual-regime map only; not a physical dark-matter classification.
D631-7,SN_RRF_FAMILY_TRIANGLE_DOMINANT,RESPONSE_FAMILY_DOMINANT_ZONE,MEDIUM_WITH_PROXY_CAUTION,PROXY_MISMATCH_DIAGNOSTIC_CAUTION,NUISANCE_SENSITIVE,1.1493058604220274,SN_RRF_FAMILY_LIKE,STABLE,3.0,0.5215233187900268,1.0285250526739784,58.05105511530346,58.5,0.6260298172412903,0.1300743191614056,16,-50.66966710111582,-209.19427082449943,SN-RRF-family-like comparator dominates the triangular diagnostic margin.,Diagnostic residual-regime map only; not a physical dark-matter classification.
DDO064,THREE_WAY_COMPETITIVE,MIXED_THREE_WAY_COMPETITIVE_ZONE,MEDIUM_DIAGNOSTIC,PROXY_AMBIGUOUS_NEAR_TIE,NUISANCE_SENSITIVE,0.0170053415672317,MIXED_COMPETITIVE,STABLE,2.5,0.5453951187493905,0.7256854873491801,46.4,46.9,0.2892437293785073,0.3551905283888228,14,-2.9693757092042548,3.500258674831835,"NFW-like, RAR-like, and SN-RRF-family-like descriptions remain broadly competitive.",Diagnostic residual-regime map only; not a physical dark-matter classification.
DDO154,SN_RRF_FAMILY_TRIANGLE_DOMINANT,RESPONSE_FAMILY_DOMINANT_ZONE,LOW_TO_MEDIUM_RECLASSIFICATION_CAUTION,PROXY_MISMATCH_DIAGNOSTIC_CAUTION,NUISANCE_SENSITIVE,1.660533724999853,SN_RRF_FAMILY_LIKE,CAUTION-RECLASSIFY,2.25,0.3987982128493373,0.9112288090675428,47.4,48.2,0.7866455535310898,0.1370599886058146,12,-73.781084907259,-239.17760962377585,SN-RRF-family-like comparator dominates the triangular diagnostic margin.,Diagnostic residual-regime map only; not a physical dark-matter classification.
DDO161,SN_RRF_FAMILY_TRIANGLE_DOMINANT,RESPONSE_FAMILY_DOMINANT_ZONE,LOW_TO_MEDIUM_RECLASSIFICATION_CAUTION,PROXY_MISMATCH_DIAGNOSTIC_CAUTION,NUISANCE_SENSITIVE,1.5344103207549034,SN_RRF_FAMILY_LIKE,CAUTION-RECLASSIFY,2.0,0.4880743627566271,0.8403563708153551,66.70007496247662,67.5,0.6587086856264412,0.2606261547798332,31,-23.98352020576462,-3125.9604374866494,SN-RRF-family-like comparator dominates the triangular diagnostic margin.,Diagnostic residual-regime map only; not a physical dark-matter classification.
DDO168,SN_RRF_FAMILY_TRIANGLE_DOMINANT,RESPONSE_FAMILY_DOMINANT_ZONE,LOW_TO_MEDIUM_RECLASSIFICATION_CAUTION,PROXY_MISMATCH_DIAGNOSTIC_CAUTION,NUISANCE_SENSITIVE,0.7207298575133043,UNRESOLVED_OR_WEAK,WEAK-MISMATCH,4.5,0.5155614938202889,0.9738391502215304,54.8,55.0,0.6378034891254569,0.2702505461132719,10,-69.60156930733527,-152.93466295982793,SN-RRF-family-like comparator dominates the triangular diagnostic margin.,Diagnostic residual-regime map only; not a physical dark-matter classification.
DDO170,SN_RRF_RAR_ADVANTAGE_NFW_COMPETITIVE,RESPONSE_FAMILY_WITH_NFW_COMPETITIVE_ZONE,MEDIUM_WITH_PROXY_CAUTION,PROXY_MISMATCH_DIAGNOSTIC_CAUTION,NUISANCE_SENSITIVE,1.810088027246873,SN_RRF_FAMILY_LIKE,STABLE,2.0,0.2751975502260967,0.7990570586651387,60.0,62.2,0.6484889010918328,0.2706209444444444,8,-4.333058386685952,-651.7895559032216,SN-RRF-family-like margin is strong relative to RAR-like while NFW-like remains competitive.,Diagnostic residual-regime map only; not a physical dark-matter classification.
ESO079-G014,SN_RRF_FAMILY_TRIANGLE_DOMINANT,RESPONSE_FAMILY_DOMINANT_ZONE,MEDIUM_DIAGNOSTIC,PROXY_AMBIGUOUS_NEAR_TIE,THREE_WAY_COMPETITIVE,0.0026037692111444,SN_RRF_FAMILY_LIKE,STABLE,2.75,0.3673883135459856,0.6893282911963908,176.00284088616297,178.0,0.0126686798260807,0.5941916115182231,15,-40.11339072931044,-35.52806776714425,SN-RRF-family-like comparator dominates the triangular diagnostic margin.,Diagnostic residual-regime map only; not a physical dark-matter classification.
ESO116-G012,SN_RRF_FAMILY_TRIANGLE_DOMINANT,RESPONSE_FAMILY_DOMINANT_ZONE,LOW_TO_MEDIUM_RECLASSIFICATION_CAUTION,PROXY_MISMATCH_DIAGNOSTIC_CAUTION,THREE_WAY_COMPETITIVE,0.4606401963450979,SN_RRF_FAMILY_LIKE,CAUTION-RECLASSIFY,2.0,0.4175996514909084,0.7458811518839589,110.5011312159292,112.0,0.1016601551629533,0.3043383890913558,15,-41.27237240114939,-71.6609347269713,SN-RRF-family-like comparator dominates the triangular diagnostic margin.,Diagnostic residual-regime map only; not a physical dark-matter classification.
ESO563-G021,SN_RRF_FAMILY_TRIANGLE_DOMINANT,RESPONSE_FAMILY_DOMINANT_ZONE,MEDIUM_WITH_PROXY_CAUTION,PROXY_MISMATCH_DIAGNOSTIC_CAUTION,NFW_TRIANGLE_DOMINANT,0.7254202891834765,UNRESOLVED_OR_WEAK,STABLE,4.25,0.1395602561285265,0.9369142798761436,314.00159235265033,321.0,0.0048411271695432,0.4689661647920322,30,-486.036632656244,-486.7943883426725,SN-RRF-family-like comparator dominates the triangular diagnostic margin.,Diagnostic residual-regime map only; not a physical dark-matter classification.
F563-1,NUISANCE_SENSITIVE,NUISANCE_SENSITIVE_ZONE,PASS_THROUGH_CAUTION,PROXY_SUPPORTED,NUISANCE_SENSITIVE,1.0746364903467387,NUISANCE_SENSITIVE,STABLE,3.75,0.1401376038793744,0.848415454663316,111.5,112.5,0.4291438467246827,0.1338615294898349,17,-12.855631168087246,-9.190447704920448,Classification is dominated by nuisance-boundary sensitivity and is not mapped as a physical residual regime.,Diagnostic residual-regime map only; not a physical dark-matter classification.
F563-V2,NUISANCE_SENSITIVE,NUISANCE_SENSITIVE_ZONE,PASS_THROUGH_CAUTION,PROXY_MISMATCH_DIAGNOSTIC_CAUTION,THREE_WAY_COMPETITIVE,0.1297122908894232,NUISANCE_SENSITIVE,STABLE,2.75,0.204028245524642,0.656131248776451,118.0,118.0,0.0826615559827784,0.2167593363975869,10,-5.824966510174958,0.7319019160020908,Classification is dominated by nuisance-boundary sensitivity and is not mapped as a physical residual regime.,Diagnostic residual-regime map only; not a physical dark-matter classification.
F568-1,THREE_WAY_COMPETITIVE,MIXED_THREE_WAY_COMPETITIVE_ZONE,HIGH_DIAGNOSTIC,PROXY_SUPPORTED,THREE_WAY_COMPETITIVE,0.0476024161172445,MIXED_COMPETITIVE,STABLE,2.5,0.2422094347320097,0.6810086588426209,133.0,142.0,0.0641954520350811,0.2247057097631296,12,-8.792170896755017,-5.027749912199029,"NFW-like, RAR-like, and SN-RRF-family-like descriptions remain broadly competitive.",Diagnostic residual-regime map only; not a physical dark-matter classification.
F568-3,SN_RRF_FAMILY_TRIANGLE_DOMINANT,RESPONSE_FAMILY_DOMINANT_ZONE,MEDIUM_WITH_PROXY_CAUTION,PROXY_MISMATCH_DIAGNOSTIC_CAUTION,SN_RRF_RAR_ADVANTAGE_NFW_COMPETITIVE,0.1092942105959151,SN_RRF_FAMILY_LIKE,STABLE,3.25,0.217139396070658,0.7400438971856966,107.0,120.0,0.0279303255585602,0.3352873613416019,18,-48.18526202555267,-38.16478015332208,SN-RRF-family-like comparator dominates the triangular diagnostic margin.,Diagnostic residual-regime map only; not a physical dark-matter classification.
F568-V1,THREE_WAY_COMPETITIVE,MIXED_THREE_WAY_COMPETITIVE_ZONE,MEDIUM_WITH_PROXY_CAUTION,PROXY_MISMATCH_DIAGNOSTIC_CAUTION,SN_RRF_RAR_ADVANTAGE_NFW_COMPETITIVE,0.1892260653695414,MIXED_COMPETITIVE,STABLE,2.5,0.1526612881500541,0.765461295372624,112.0044641967453,118.0,0.0681158740197896,0.2032920127540853,15,-1.4647164164372033,0.4857623320877744,"NFW-like, RAR-like, and SN-RRF-family-like descriptions remain broadly competitive.",Diagnostic residual-regime map only; not a physical dark-matter classification.
F571-8,SN_RRF_FAMILY_TRIANGLE_DOMINANT,RESPONSE_FAMILY_DOMINANT_ZONE,LOW_TO_MEDIUM_RECLASSIFICATION_CAUTION,PROXY_MISMATCH_DIAGNOSTIC_CAUTION,UNRESOLVED_TRIANGULAR,0.3728389824986653,UNRESOLVED_OR_WEAK,WEAK-MISMATCH,4.75,0.3343232456977319,1.0385375820375815,137.5227253947507,144.0,0.0083012805474973,0.2400174091209516,13,-19.3919905363228,-526.3424004858297,SN-RRF-family-like comparator dominates the triangular diagnostic margin.,Diagnostic residual-regime map only; not a physical dark-matter classification.
F574-1,SN_RRF_FAMILY_TRIANGLE_DOMINANT,RESPONSE_FAMILY_DOMINANT_ZONE,MEDIUM_WITH_PROXY_CAUTION,PROXY_MISMATCH_DIAGNOSTIC_CAUTION,THREE_WAY_COMPETITIVE,0.2107819824368584,SN_RRF_FAMILY_LIKE,STABLE,2.25,0.2491003292902196,0.6156857941285421,99.15061774895808,99.7,0.0550001193570023,0.3306187667489417,14,-20.01606505239241,-25.505217090935627,SN-RRF-family-like comparator dominates the triangular diagnostic margin.,Diagnostic residual-regime map only; not a physical dark-matter classification.
F579-V1,SN_RRF_RAR_ADVANTAGE_NFW_COMPETITIVE,RESPONSE_FAMILY_WITH_NFW_COMPETITIVE_ZONE,LOW_TO_MEDIUM_RECLASSIFICATION_CAUTION,PROXY_SUPPORTED,SN_RRF_RAR_ADVANTAGE_NFW_COMPETITIVE,0.1300809993677609,UNRESOLVED_OR_WEAK,WEAK-MISMATCH,2.0,0.0462109686454746,0.4622064237773888,114.0,114.0,0.0399889921165492,0.4489963450292398,14,-3.6131851585052432,-29.66294092389072,SN-RRF-family-like margin is strong relative to RAR-like while NFW-like remains competitive.,Diagnostic residual-regime map only; not a physical dark-matter classification.
F583-1,SN_RRF_FAMILY_TRIANGLE_DOMINANT,RESPONSE_FAMILY_DOMINANT_ZONE,HIGH_DIAGNOSTIC,PROXY_SUPPORTED,SN_RRF_FAMILY_TRIANGLE_DOMINANT,0.059879190188238,SN_RRF_FAMILY_LIKE,STABLE,2.5,0.2009590242049004,0.7669085764891291,80.3,86.9,0.0,0.1775511352974292,25,-33.461109446273866,-41.82132254536074,SN-RRF-family-like comparator dominates the triangular diagnostic margin.,Diagnostic residual-regime map only; not a physical dark-matter classification.
F583-4,PATHOLOGY_ARCHIVE,PATHOLOGY_ARCHIVE_ZONE,PASS_THROUGH_CAUTION,PROXY_SUPPORTED,PATHOLOGY_ARCHIVE,297.827752626964,PATHOLOGY_ARCHIVE,STABLE,1.25,6.857453079640037,221.4420061631733,67.2,69.9,0.0593960362422287,0.3577840003188776,12,-6.381560069032898,-2.4932990467102543,Core/pathology guard active; archive from physical interpretation.,Diagnostic residual-regime map only; not a physical dark-matter classification.
IC2574,SN_RRF_FAMILY_TRIANGLE_DOMINANT,RESPONSE_FAMILY_DOMINANT_ZONE,LOW_TO_MEDIUM_RECLASSIFICATION_CAUTION,PROXY_MISMATCH_DIAGNOSTIC_CAUTION,UNRESOLVED_TRIANGULAR,0.3477745427982599,SN_RRF_FAMILY_LIKE,CAUTION-RECLASSIFY,1.5,0.8283831339269393,1.1254730942061557,63.8,67.5,0.2116150179551619,0.2876462741128723,34,-1108.9191718874874,-217.3524780184149,SN-RRF-family-like comparator dominates the triangular diagnostic margin.,Diagnostic residual-regime map only; not a physical dark-matter classification.
IC4202,SN_RRF_FAMILY_TRIANGLE_DOMINANT,RESPONSE_FAMILY_DOMINANT_ZONE,MEDIUM_WITH_PROXY_CAUTION,PROXY_MISMATCH_DIAGNOSTIC_CAUTION,NFW_TRIANGLE_DOMINANT,0.6591546654219504,UNRESOLVED_OR_WEAK,STABLE,5.25,0.1278974859817548,0.8366724070067261,244.0020491717232,250.0,0.0123581127406597,0.7197173681912087,32,-539.4358516724362,-966.2044784718516,SN-RRF-family-like comparator dominates the triangular diagnostic margin.,Diagnostic residual-regime map only; not a physical dark-matter classification.
KK98-251,SN_RRF_FAMILY_TRIANGLE_DOMINANT,RESPONSE_FAMILY_DOMINANT_ZONE,MEDIUM_WITH_PROXY_CAUTION,PROXY_MISMATCH_DIAGNOSTIC_CAUTION,NUISANCE_SENSITIVE,1.0727983010293385,SN_RRF_FAMILY_LIKE,STABLE,2.5,0.6517010558274364,0.7000395472910395,33.752999866678515,34.6,0.6284665887812021,0.4100048715619281,15,-20.18080584230779,-269.2653141438899,SN-RRF-family-like comparator dominates the triangular diagnostic margin.,Diagnostic residual-regime map only; not a physical dark-matter classification.
NGC0024,SN_RRF_RAR_ADVANTAGE_NFW_COMPETITIVE,RESPONSE_FAMILY_WITH_NFW_COMPETITIVE_ZONE,LOW_TO_MEDIUM_RECLASSIFICATION_CAUTION,PROXY_MISMATCH_DIAGNOSTIC_CAUTION,SN_RRF_FAMILY_TRIANGLE_DOMINANT,0.5475610908688586,MIXED_COMPETITIVE,WEAK-MISMATCH,2.0,0.0810573064565123,0.9278399647960706,107.0,110.0,0.0319716696243104,0.3737699973796838,29,-4.339303425083575,-10.003988032714908,SN-RRF-family-like margin is strong relative to RAR-like while NFW-like remains competitive.,Diagnostic residual-regime map only; not a physical dark-matter classification.
NGC0055,SN_RRF_FAMILY_TRIANGLE_DOMINANT,RESPONSE_FAMILY_DOMINANT_ZONE,MEDIUM_WITH_PROXY_CAUTION,PROXY_MISMATCH_DIAGNOSTIC_CAUTION,NUISANCE_SENSITIVE,1.219612383542674,SN_RRF_FAMILY_LIKE,STABLE,2.5,0.3935160498339721,0.6793056427322015,86.1500145095751,87.4,0.4279721391830404,0.4450151950497351,21,-36.733368842467215,-80.7096146249526,SN-RRF-family-like comparator dominates the triangular diagnostic margin.,Diagnostic residual-regime map only; not a physical dark-matter classification.
NGC0100,SN_RRF_FAMILY_TRIANGLE_DOMINANT,RESPONSE_FAMILY_DOMINANT_ZONE,MEDIUM_WITH_PROXY_CAUTION,PROXY_MISMATCH_DIAGNOSTIC_CAUTION,UNRESOLVED_TRIANGULAR,0.1999013591233445,SN_RRF_FAMILY_LIKE,STABLE,2.0,0.4751104934531729,0.7894762601547056,88.25318691129516,91.2,0.0717130771642955,0.2797471119741931,21,-18.385064374588865,-26.678872040562183,SN-RRF-family-like comparator dominates the triangular diagnostic margin.,Diagnostic residual-regime map only; not a physical dark-matter classification.
NGC0247,NUISANCE_SENSITIVE,NUISANCE_SENSITIVE_ZONE,PASS_THROUGH_CAUTION,PROXY_MISMATCH_DIAGNOSTIC_CAUTION,SN_RRF_RAR_ADVANTAGE_NFW_COMPETITIVE,0.1607890158267562,NUISANCE_SENSITIVE,STABLE,1.25,0.1210005570401167,0.0972548888846179,105.0,108.0,0.1711993075392346,0.3700970975056689,26,-83.64643289335555,-145.7062054655939,Classification is dominated by nuisance-boundary sensitivity and is not mapped as a physical residual regime.,Diagnostic residual-regime map only; not a physical dark-matter classification.
NGC0289,SN_RRF_RAR_ADVANTAGE_NFW_COMPETITIVE,RESPONSE_FAMILY_WITH_NFW_COMPETITIVE_ZONE,LOW_TO_MEDIUM_RECLASSIFICATION_CAUTION,PROXY_AMBIGUOUS_NEAR_TIE,SN_RRF_FAMILY_TRIANGLE_DOMINANT,0.0392755057114504,UNRESOLVED_OR_WEAK,WEAK-MISMATCH,1.0,0.0141162959225653,0.8675265699891052,166.0,194.0,0.2416826300158278,0.3135273116562636,28,-6.4094635072125,-167.356497374309,SN-RRF-family-like margin is strong relative to RAR-like while NFW-like remains competitive.,Diagnostic residual-regime map only; not a physical dark-matter classification.
NGC0300,SN_RRF_FAMILY_TRIANGLE_DOMINANT,RESPONSE_FAMILY_DOMINANT_ZONE,LOW_TO_MEDIUM_RECLASSIFICATION_CAUTION,PROXY_SUPPORTED,SN_RRF_FAMILY_TRIANGLE_DOMINANT,0.1213977327287763,SN_RRF_FAMILY_LIKE,CAUTION-RECLASSIFY,1.5,0.4784997912371106,0.8048134135329373,93.7,97.0,0.1550053289260283,0.2263246196619698,25,-32.18116120227826,-46.21532686144808,SN-RRF-family-like comparator dominates the triangular diagnostic margin.,Diagnostic residual-regime map only; not a physical dark-matter classification.
NGC0801,PATHOLOGY_ARCHIVE,PATHOLOGY_ARCHIVE_ZONE,PASS_THROUGH_CAUTION,PROXY_AMBIGUOUS_NEAR_TIE,UNRESOLVED_TRIANGULAR,0.0254592202857057,PATHOLOGY_ARCHIVE,CAUTION-RECLASSIFY,12.0,0.5127765548207415,0.5713750930334038,216.0,238.0,0.0231009928853863,0.7427947498713993,13,-2.015899527890115,-398.1194384993806,Core/pathology guard active; archive from physical interpretation.,Diagnostic residual-regime map only; not a physical dark-matter classification.
NGC0891,SN_RRF_FAMILY_TRIANGLE_DOMINANT,RESPONSE_FAMILY_DOMINANT_ZONE,MEDIUM_DIAGNOSTIC,PROXY_AMBIGUOUS_NEAR_TIE,NFW_TRIANGLE_DOMINANT,0.0659765176727118,UNRESOLVED_OR_WEAK,STABLE,8.0,0.2569285870056897,0.7310455505677906,216.0,234.0,0.0066657972355341,0.971278594393004,18,-50.90068708315182,-147.23213702909314,SN-RRF-family-like comparator dominates the triangular diagnostic margin.,Diagnostic residual-regime map only; not a physical dark-matter classification.
NGC1003,SN_RRF_FAMILY_TRIANGLE_DOMINANT,RESPONSE_FAMILY_DOMINANT_ZONE,MEDIUM_WITH_PROXY_CAUTION,PROXY_MISMATCH_DIAGNOSTIC_CAUTION,NUISANCE_SENSITIVE,0.6928788146850393,HALO_DOMINANT_LIKE,STABLE,0.75,0.4097535546942801,0.8558053835801376,112.0,115.0,0.3465203095997785,0.153368853635204,36,-151.05846351454653,-234.99831222846396,SN-RRF-family-like comparator dominates the triangular diagnostic margin.,Diagnostic residual-regime map only; not a physical dark-matter classification.
NGC1090,NFW_TRIANGLE_DOMINANT,HALO_COMPARATOR_DOMINANT_ZONE,HIGH_DIAGNOSTIC,PROXY_SUPPORTED,NFW_TRIANGLE_DOMINANT,0.4356404560548195,HALO_DOMINANT_LIKE,STABLE,2.25,0.4581816588882336,0.5967506591893686,162.0,176.0,0.0529771945254427,0.5813232205456487,24,13.503366819144404,-104.1562364919086,NFW-like comparator is favored in the triangular diagnostic margin.,Diagnostic residual-regime map only; not a physical dark-matter classification.
NGC1705,NUISANCE_SENSITIVE,NUISANCE_SENSITIVE_ZONE,PASS_THROUGH_CAUTION,PROXY_SUPPORTED,NUISANCE_SENSITIVE,0.9002093857194586,NUISANCE_SENSITIVE,STABLE,1.25,0.2699652734891807,0.7585732608356638,71.5,73.2,0.2206113878290372,0.1191345493667172,14,-2.699106619804996,-1.6132009777843497,Classification is dominated by nuisance-boundary sensitivity and is not mapped as a physical residual regime.,Diagnostic residual-regime map only; not a physical dark-matter classification.
NGC2366,SN_RRF_FAMILY_TRIANGLE_DOMINANT,RESPONSE_FAMILY_DOMINANT_ZONE,MEDIUM_WITH_PROXY_CAUTION,PROXY_MISMATCH_DIAGNOSTIC_CAUTION,NUISANCE_SENSITIVE,1.3529799434075995,SN_RRF_FAMILY_LIKE,STABLE,3.25,0.332707052816288,0.7937583070945281,50.0,53.7,0.5746768881382994,0.3613232799999999,26,-60.49801396495747,-188.19434663484665,SN-RRF-family-like comparator dominates the triangular diagnostic margin.,Diagnostic residual-regime map only; not a physical dark-matter classification.
NGC2403,SN_RRF_FAMILY_TRIANGLE_DOMINANT,RESPONSE_FAMILY_DOMINANT_ZONE,MEDIUM_DIAGNOSTIC,PROXY_AMBIGUOUS_NEAR_TIE,NFW_TRIANGLE_DOMINANT,0.0940399200053141,HALO_DOMINANT_LIKE,STABLE,1.0,0.255626880640402,0.6734263262514253,134.0,136.0,0.0372272421295695,0.2607046781020271,73,-1764.103834908234,-2312.6802282616773,SN-RRF-family-like comparator dominates the triangular diagnostic margin.,Diagnostic residual-regime map only; not a physical dark-matter classification.
NGC2683,SN_RRF_RAR_ADVANTAGE_NFW_COMPETITIVE,RESPONSE_FAMILY_WITH_NFW_COMPETITIVE_ZONE,HIGH_DIAGNOSTIC,PROXY_SUPPORTED,SN_RRF_RAR_ADVANTAGE_NFW_COMPETITIVE,0.1806096092755307,SN_RRF_FAMILY_LIKE,STABLE,3.258993,0.1734499851093886,0.6746402105930327,155.0,212.0,0.0238521332796055,0.4750915046826222,11,-0.3289693086010885,-12.870286113773432,SN-RRF-family-like margin is strong relative to RAR-like while NFW-like remains competitive.,Diagnostic residual-regime map only; not a physical dark-matter classification.
NGC2841,SN_RRF_RAR_ADVANTAGE_NFW_COMPETITIVE,RESPONSE_FAMILY_WITH_NFW_COMPETITIVE_ZONE,LOW_TO_MEDIUM_RECLASSIFICATION_CAUTION,PROXY_MISMATCH_DIAGNOSTIC_CAUTION,NFW_TRIANGLE_DOMINANT,0.5374213383121718,UNRESOLVED_OR_WEAK,WEAK-MISMATCH,2.5,0.0308633511474263,0.8143661429406062,282.0,323.0,0.0407041214738189,0.2486075675267843,50,3.2492797600188084,-20.12622187988677,SN-RRF-family-like margin is strong relative to RAR-like while NFW-like remains competitive.,Diagnostic residual-regime map only; not a physical dark-matter classification.
NGC2903,NFW_TRIANGLE_DOMINANT,HALO_COMPARATOR_DOMINANT_ZONE,HIGH_DIAGNOSTIC,PROXY_SUPPORTED,NFW_TRIANGLE_DOMINANT,0.6455275186008813,HALO_DOMINANT_LIKE,STABLE,3.258993,0.2019274578334512,0.7373296595394772,182.0,216.0,0.0166780161063213,0.5436566386909794,34,72.60862160832198,-167.33797184104805,NFW-like comparator is favored in the triangular diagnostic margin.,Diagnostic residual-regime map only; not a physical dark-matter classification.
NGC2915,SN_RRF_FAMILY_TRIANGLE_DOMINANT,RESPONSE_FAMILY_DOMINANT_ZONE,LOW_TO_MEDIUM_RECLASSIFICATION_CAUTION,PROXY_MISMATCH_DIAGNOSTIC_CAUTION,NUISANCE_SENSITIVE,0.1001784969789998,UNRESOLVED_OR_WEAK,WEAK-MISMATCH,5.5,0.1536465753194603,0.9418666509924714,83.45936136827312,86.5,0.3112271069925207,0.0981231978051716,30,-14.617758946202752,-79.99100351210495,SN-RRF-family-like comparator dominates the triangular diagnostic margin.,Diagnostic residual-regime map only; not a physical dark-matter classification.
NGC2955,SN_RRF_RAR_ADVANTAGE_NFW_COMPETITIVE,RESPONSE_FAMILY_WITH_NFW_COMPETITIVE_ZONE,LOW_TO_MEDIUM_RECLASSIFICATION_CAUTION,PROXY_MISMATCH_DIAGNOSTIC_CAUTION,NFW_TRIANGLE_DOMINANT,0.6673482553843986,UNRESOLVED_OR_WEAK,WEAK-MISMATCH,5.5,0.2067033202392728,0.7848764104626179,255.50440309317568,276.0,0.0103739801459346,0.9159232497223604,24,-9.950494412512455,-27.47802855530763,SN-RRF-family-like margin is strong relative to RAR-like while NFW-like remains competitive.,Diagnostic residual-regime map only; not a physical dark-matter classification.
NGC2976,SN_RRF_FAMILY_TRIANGLE_DOMINANT,RESPONSE_FAMILY_DOMINANT_ZONE,LOW_TO_MEDIUM_RECLASSIFICATION_CAUTION,PROXY_AMBIGUOUS_NEAR_TIE,THREE_WAY_COMPETITIVE,0.0511536521399236,UNRESOLVED_OR_WEAK,WEAK-MISMATCH,2.25,0.6147370866235623,0.4116504184884204,83.6,88.7,0.0361016628216354,0.943591607334997,27,-14.048901342267747,-22.3888836454954,SN-RRF-family-like comparator dominates the triangular diagnostic margin.,Diagnostic residual-regime map only; not a physical dark-matter classification.
NGC2998,SN_RRF_FAMILY_TRIANGLE_DOMINANT,RESPONSE_FAMILY_DOMINANT_ZONE,MEDIUM_DIAGNOSTIC,PROXY_AMBIGUOUS_NEAR_TIE,NFW_TRIANGLE_DOMINANT,0.0931059095553084,HALO_DOMINANT_LIKE,STABLE,0.5,0.5077935529835234,0.5539695427589976,213.0,214.0,0.0221147120633974,0.5599962838061232,13,-21.516063460693573,-94.66870056614772,SN-RRF-family-like comparator dominates the triangular diagnostic margin.,Diagnostic residual-regime map only; not a physical dark-matter classification.
NGC3109,NUISANCE_SENSITIVE,NUISANCE_SENSITIVE_ZONE,PASS_THROUGH_CAUTION,PROXY_SUPPORTED,NUISANCE_SENSITIVE,1.6122579422990553,NUISANCE_SENSITIVE,STABLE,2.0,0.4293191288380705,0.8070844033325747,66.2,67.3,0.5353212660885707,0.1245184189629521,25,-202.21446904884615,-131.58859238897034,Classification is dominated by nuisance-boundary sensitivity and is not mapped as a physical residual regime.,Diagnostic residual-regime map only; not a physical dark-matter classification.
NGC3198,SN_RRF_FAMILY_TRIANGLE_DOMINANT,RESPONSE_FAMILY_DOMINANT_ZONE,HIGH_DIAGNOSTIC,PROXY_SUPPORTED,SN_RRF_FAMILY_TRIANGLE_DOMINANT,0.0898427125078127,HALO_DOMINANT_LIKE,STABLE,2.0,0.0846696283337501,0.8686771422977494,149.0,157.0,0.0082695562326993,0.3169300572046304,43,-47.91289688815743,-404.82769514206666,SN-RRF-family-like comparator dominates the triangular diagnostic margin.,Diagnostic residual-regime map only; not a physical dark-matter classification.
NGC3521,SN_RRF_FAMILY_TRIANGLE_DOMINANT,RESPONSE_FAMILY_DOMINANT_ZONE,MEDIUM_WITH_PROXY_CAUTION,PROXY_MISMATCH_DIAGNOSTIC_CAUTION,NFW_TRIANGLE_DOMINANT,0.6285927270121938,UNRESOLVED_OR_WEAK,STABLE,0.75,0.5007945913343906,0.6721580250266834,210.0,220.0,0.0013894499413042,1.3059720929705214,41,-43.86862608102517,-51.85770152374394,SN-RRF-family-like comparator dominates the triangular diagnostic margin.,Diagnostic residual-regime map only; not a physical dark-matter classification.
NGC3726,SN_RRF_RAR_ADVANTAGE_NFW_COMPETITIVE,RESPONSE_FAMILY_WITH_NFW_COMPETITIVE_ZONE,MEDIUM_WITH_PROXY_CAUTION,PROXY_MISMATCH_DIAGNOSTIC_CAUTION,THREE_WAY_COMPETITIVE,0.2519309257406852,SN_RRF_FAMILY_LIKE,STABLE,1.0,0.7361415619456106,0.9704088354627832,168.0,169.0,0.0630373537125971,0.4410980725623583,12,-7.361200270773633,-19.32787916047779,SN-RRF-family-like margin is strong relative to RAR-like while NFW-like remains competitive.,Diagnostic residual-regime map only; not a physical dark-matter classification.
NGC3741,NUISANCE_SENSITIVE,NUISANCE_SENSITIVE_ZONE,PASS_THROUGH_CAUTION,PROXY_SUPPORTED,NUISANCE_SENSITIVE,1.6902215394522973,NUISANCE_SENSITIVE,STABLE,1.0,0.3432063828402699,0.8870160178268314,50.05002497501874,51.6,0.7031385125061296,0.0835628471799457,21,-30.82723144311808,-44.239288054834425,Classification is dominated by nuisance-boundary sensitivity and is not mapped as a physical residual regime.,Diagnostic residual-regime map only; not a physical dark-matter classification.
NGC3769,THREE_WAY_COMPETITIVE,MIXED_THREE_WAY_COMPETITIVE_ZONE,MEDIUM_WITH_PROXY_CAUTION,PROXY_MISMATCH_DIAGNOSTIC_CAUTION,SN_RRF_RAR_ADVANTAGE_NFW_COMPETITIVE,0.2742812447190732,MIXED_COMPETITIVE,STABLE,4.75,0.1255853561955343,0.7893428798718538,118.0,126.0,0.1458627926780492,0.2450496768170066,12,-2.576341088834215,-2.6522013880074518,"NFW-like, RAR-like, and SN-RRF-family-like descriptions remain broadly competitive.",Diagnostic residual-regime map only; not a physical dark-matter classification.
NGC3877,PATHOLOGY_ARCHIVE,PATHOLOGY_ARCHIVE_ZONE,PASS_THROUGH_CAUTION,PROXY_AMBIGUOUS_NEAR_TIE,UNRESOLVED_TRIANGULAR,0.0162485383337926,PATHOLOGY_ARCHIVE,CAUTION-RECLASSIFY,12.0,0.2256837395994895,0.8821634097143458,170.5007331362537,171.0,0.0146172435737962,1.377737799487453,13,-51.19172733477,-99.38533964063252,Core/pathology guard active; archive from physical interpretation.,Diagnostic residual-regime map only; not a physical dark-matter classification.
NGC3893,THREE_WAY_COMPETITIVE,MIXED_THREE_WAY_COMPETITIVE_ZONE,MEDIUM_WITH_PROXY_CAUTION,PROXY_MISMATCH_DIAGNOSTIC_CAUTION,SN_RRF_RAR_ADVANTAGE_NFW_COMPETITIVE,0.4440129995965451,MIXED_COMPETITIVE,STABLE,3.0,0.2009322395221461,0.6793149981012401,176.0,194.0,0.0732720978196661,0.5758161479855373,10,-2.395223145882034,-2.7379741671643822,"NFW-like, RAR-like, and SN-RRF-family-like descriptions remain broadly competitive.",Diagnostic residual-regime map only; not a physical dark-matter classification.
NGC3917,SN_RRF_FAMILY_TRIANGLE_DOMINANT,RESPONSE_FAMILY_DOMINANT_ZONE,MEDIUM_WITH_PROXY_CAUTION,PROXY_MISMATCH_DIAGNOSTIC_CAUTION,SN_RRF_RAR_ADVANTAGE_NFW_COMPETITIVE,0.2407539174483142,SN_RRF_FAMILY_LIKE,STABLE,2.75,0.2345598019978817,0.7641541104504481,137.0,138.0,0.0367328159500364,0.5510873674676328,17,-33.201477752282884,-37.44839291140221,SN-RRF-family-like comparator dominates the triangular diagnostic margin.,Diagnostic residual-regime map only; not a physical dark-matter classification.
NGC3953,SN_RRF_RAR_ADVANTAGE_NFW_COMPETITIVE,RESPONSE_FAMILY_WITH_NFW_COMPETITIVE_ZONE,LOW_TO_MEDIUM_RECLASSIFICATION_CAUTION,PROXY_AMBIGUOUS_NEAR_TIE,NFW_TRIANGLE_DOMINANT,0.0902536512750566,UNRESOLVED_OR_WEAK,WEAK-MISMATCH,4.0,0.1927907956342734,0.5856043676211612,223.0,224.0,0.0036726045377133,1.122566912666653,8,-0.9589545220763156,-15.327266999178224,SN-RRF-family-like margin is strong relative to RAR-like while NFW-like remains competitive.,Diagnostic residual-regime map only; not a physical dark-matter classification.
NGC3972,THREE_WAY_COMPETITIVE,MIXED_THREE_WAY_COMPETITIVE_ZONE,HIGH_DIAGNOSTIC,PROXY_SUPPORTED,THREE_WAY_COMPETITIVE,0.1408644758345723,MIXED_COMPETITIVE,STABLE,1.75,0.2992767913822083,0.5586210797632447,134.0,134.0,0.0385254628269916,0.5772315660503452,10,-2.1843017469927624,-2.407622908430909,"NFW-like, RAR-like, and SN-RRF-family-like descriptions remain broadly competitive.",Diagnostic residual-regime map only; not a physical dark-matter classification.
NGC3992,SN_RRF_RAR_ADVANTAGE_NFW_COMPETITIVE,RESPONSE_FAMILY_WITH_NFW_COMPETITIVE_ZONE,MEDIUM_DIAGNOSTIC,PROXY_AMBIGUOUS_NEAR_TIE,NFW_TRIANGLE_DOMINANT,0.0671095189237069,SN_RRF_FAMILY_LIKE,STABLE,3.0,0.6962696184160729,0.6238252687227074,241.0,272.0,0.06005394060121,0.4823361718978666,9,2.845883619940333,-19.05189387227343,SN-RRF-family-like margin is strong relative to RAR-like while NFW-like remains competitive.,Diagnostic residual-regime map only; not a physical dark-matter classification.
NGC4010,UNRESOLVED_TRIANGULAR,UNRESOLVED_TRIANGULAR_ZONE,LOW_UNRESOLVED,PROXY_MISMATCH_DIAGNOSTIC_CAUTION,THREE_WAY_COMPETITIVE,0.3024943591739495,MIXED_COMPETITIVE,STABLE,4.5,0.5256689605596522,0.7145729854714572,124.0,129.0,0.0567674281678961,0.6494670720603538,12,-11.15399236816166,-9.545342188770384,Comparator margins do not support a stable residual-regime assignment.,Diagnostic residual-regime map only; not a physical dark-matter classification.
NGC4013,SN_RRF_FAMILY_TRIANGLE_DOMINANT,RESPONSE_FAMILY_DOMINANT_ZONE,MEDIUM_DIAGNOSTIC,PROXY_AMBIGUOUS_NEAR_TIE,NFW_TRIANGLE_DOMINANT,0.063990130743083,UNRESOLVED_OR_WEAK,STABLE,0.75,0.5814867725017985,0.8242986093402892,178.0,198.0,0.0406969536526795,0.4171963199091023,36,-54.797141541252486,-78.43495211755473,SN-RRF-family-like comparator dominates the triangular diagnostic margin.,Diagnostic residual-regime map only; not a physical dark-matter classification.
NGC4088,THREE_WAY_COMPETITIVE,MIXED_THREE_WAY_COMPETITIVE_ZONE,MEDIUM_WITH_PROXY_CAUTION,PROXY_MISMATCH_DIAGNOSTIC_CAUTION,UNRESOLVED_TRIANGULAR,0.3183179734300698,MIXED_COMPETITIVE,STABLE,4.0,0.8583586836748988,0.8830236705413889,171.0,182.0,0.0497242113485385,0.9990734550801956,12,0.7648705353202896,-2.767577019440136,"NFW-like, RAR-like, and SN-RRF-family-like descriptions remain broadly competitive.",Diagnostic residual-regime map only; not a physical dark-matter classification.
NGC4100,NFW_TRIANGLE_DOMINANT,HALO_COMPARATOR_DOMINANT_ZONE,HIGH_DIAGNOSTIC,PROXY_SUPPORTED,NFW_TRIANGLE_DOMINANT,0.6208151384943608,HALO_DOMINANT_LIKE,STABLE,3.0,0.4084266854895712,0.6119712318747283,158.50078864157112,195.0,0.0351661641969446,0.5881829535277142,24,18.216362037891184,-3.1676446150593627,NFW-like comparator is favored in the triangular diagnostic margin.,Diagnostic residual-regime map only; not a physical dark-matter classification.
NGC4157,NUISANCE_SENSITIVE,NUISANCE_SENSITIVE_ZONE,PASS_THROUGH_CAUTION,PROXY_AMBIGUOUS_NEAR_TIE,THREE_WAY_COMPETITIVE,0.0631085560303987,NUISANCE_SENSITIVE,STABLE,1.5,0.5632411802959979,0.7565471874706314,185.0,201.0,0.0668327980288619,0.5970867406866325,17,-4.966602913991842,-7.649058184769352,Classification is dominated by nuisance-boundary sensitivity and is not mapped as a physical residual regime.,Diagnostic residual-regime map only; not a physical dark-matter classification.
NGC4183,SN_RRF_RAR_ADVANTAGE_NFW_COMPETITIVE,RESPONSE_FAMILY_WITH_NFW_COMPETITIVE_ZONE,MEDIUM_WITH_PROXY_CAUTION,PROXY_MISMATCH_DIAGNOSTIC_CAUTION,NUISANCE_SENSITIVE,0.3752996202626,SN_RRF_FAMILY_LIKE,STABLE,1.5,0.123282773957538,0.6790746966138612,110.5011312159292,115.0,0.2038578648370536,0.3486266000573276,23,0.3705825763522785,-51.16669268964412,SN-RRF-family-like margin is strong relative to RAR-like while NFW-like remains competitive.,Diagnostic residual-regime map only; not a physical dark-matter classification.
NGC4214,SN_RRF_FAMILY_TRIANGLE_DOMINANT,RESPONSE_FAMILY_DOMINANT_ZONE,LOW_TO_MEDIUM_RECLASSIFICATION_CAUTION,PROXY_MISMATCH_DIAGNOSTIC_CAUTION,THREE_WAY_COMPETITIVE,0.167444972441368,MIXED_COMPETITIVE,WEAK-MISMATCH,0.5,0.4455934256136883,0.8429861473753444,80.50006211177728,80.6,0.0973905972681566,0.1873241197112461,14,-14.4172119458236,-20.9103198878911,SN-RRF-family-like comparator dominates the triangular diagnostic margin.,Diagnostic residual-regime map only; not a physical dark-matter classification.
NGC4217,PATHOLOGY_ARCHIVE,PATHOLOGY_ARCHIVE_ZONE,PASS_THROUGH_CAUTION,PROXY_AMBIGUOUS_NEAR_TIE,UNRESOLVED_TRIANGULAR,0.0300355042944531,PATHOLOGY_ARCHIVE,CAUTION-RECLASSIFY,12.0,0.1384154772051793,0.8905838106602119,178.0,191.0,0.0169531319570333,0.8335062271177882,19,-55.44303157343886,-51.14911631353899,Core/pathology guard active; archive from physical interpretation.,Diagnostic residual-regime map only; not a physical dark-matter classification.
NGC4559,SN_RRF_FAMILY_TRIANGLE_DOMINANT,RESPONSE_FAMILY_DOMINANT_ZONE,HIGH_DIAGNOSTIC,PROXY_SUPPORTED,SN_RRF_FAMILY_TRIANGLE_DOMINANT,0.5813896541594039,SN_RRF_FAMILY_LIKE,STABLE,1.75,0.427997915016395,0.6841015423390955,121.50102880222866,124.0,0.1327742816631758,0.5037915596951735,32,-10.755328068784914,-51.25756702362035,SN-RRF-family-like comparator dominates the triangular diagnostic margin.,Diagnostic residual-regime map only; not a physical dark-matter classification.
NGC5005,THREE_WAY_COMPETITIVE,MIXED_THREE_WAY_COMPETITIVE_ZONE,LOW_TO_MEDIUM_RECLASSIFICATION_CAUTION,PROXY_MISMATCH_DIAGNOSTIC_CAUTION,NFW_TRIANGLE_DOMINANT,0.5162921188609007,UNRESOLVED_OR_WEAK,WEAK-MISMATCH,4.0,0.7841090001293813,0.4305818807609787,265.0,265.0,0.0395353346041167,1.2326165510857956,18,-0.0156204380063709,3.903798125967711,"NFW-like, RAR-like, and SN-RRF-family-like descriptions remain broadly competitive.",Diagnostic residual-regime map only; not a physical dark-matter classification.
NGC5033,NFW_TRIANGLE_DOMINANT,HALO_COMPARATOR_DOMINANT_ZONE,MEDIUM_WITH_PROXY_CAUTION,PROXY_MISMATCH_DIAGNOSTIC_CAUTION,SN_RRF_RAR_ADVANTAGE_NFW_COMPETITIVE,0.120209791216411,HALO_DOMINANT_LIKE,STABLE,3.75,0.1881514729771759,0.7743013008529714,193.5006459937537,225.0,0.0891501620959167,0.3984446591440208,22,13.231618098960055,-106.92042492964562,NFW-like comparator is favored in the triangular diagnostic margin.,Diagnostic residual-regime map only; not a physical dark-matter classification.
NGC5055,SN_RRF_FAMILY_TRIANGLE_DOMINANT,RESPONSE_FAMILY_DOMINANT_ZONE,MEDIUM_WITH_PROXY_CAUTION,PROXY_MISMATCH_DIAGNOSTIC_CAUTION,NFW_TRIANGLE_DOMINANT,0.8045267646820513,SN_RRF_FAMILY_LIKE,STABLE,3.5,0.2052551647246638,0.713314265732482,179.0,206.0,0.0442588209343316,0.5086629786835618,28,-30.135226761306285,-1247.707826369919,SN-RRF-family-like comparator dominates the triangular diagnostic margin.,Diagnostic residual-regime map only; not a physical dark-matter classification.
NGC5371,PATHOLOGY_ARCHIVE,PATHOLOGY_ARCHIVE_ZONE,PASS_THROUGH_CAUTION,PROXY_MISMATCH_DIAGNOSTIC_CAUTION,UNRESOLVED_TRIANGULAR,0.2734005205186633,PATHOLOGY_ARCHIVE,STABLE,12.0,3.3213889274289667,23.11390532325857,208.0,242.0,0.0295591008345643,0.9718086399778108,19,40.25000164293054,-874.29823847732,Core/pathology guard active; archive from physical interpretation.,Diagnostic residual-regime map only; not a physical dark-matter classification.
NGC5585,SN_RRF_FAMILY_TRIANGLE_DOMINANT,RESPONSE_FAMILY_DOMINANT_ZONE,LOW_TO_MEDIUM_RECLASSIFICATION_CAUTION,PROXY_AMBIGUOUS_NEAR_TIE,UNRESOLVED_TRIANGULAR,0.0714768551072853,SN_RRF_FAMILY_LIKE,CAUTION-RECLASSIFY,2.25,0.3454855003864507,0.7952241884466634,90.75012396685749,92.3,0.0337531481386071,0.3066061063057451,24,-84.95158964979488,-128.84606244270245,SN-RRF-family-like comparator dominates the triangular diagnostic margin.,Diagnostic residual-regime map only; not a physical dark-matter classification.
NGC5907,SN_RRF_RAR_ADVANTAGE_NFW_COMPETITIVE,RESPONSE_FAMILY_WITH_NFW_COMPETITIVE_ZONE,MEDIUM_WITH_PROXY_CAUTION,PROXY_MISMATCH_DIAGNOSTIC_CAUTION,NFW_TRIANGLE_DOMINANT,0.3177407715905134,HALO_DOMINANT_LIKE,STABLE,0.5,0.6102522151079524,0.6299398347573697,216.0,235.0,0.0851627896794965,0.4649302854938272,19,3.258353150882975,-413.2258513591798,SN-RRF-family-like margin is strong relative to RAR-like while NFW-like remains competitive.,Diagnostic residual-regime map only; not a physical dark-matter classification.
NGC5985,SN_RRF_FAMILY_TRIANGLE_DOMINANT,RESPONSE_FAMILY_DOMINANT_ZONE,MEDIUM_WITH_PROXY_CAUTION,PROXY_MISMATCH_DIAGNOSTIC_CAUTION,NFW_TRIANGLE_DOMINANT,0.7409490558783913,SN_RRF_FAMILY_LIKE,STABLE,3.75,0.1389286977844979,0.9072999646191432,292.0,305.0,0.0113540824358697,0.5100550994558077,33,-20.47744583739456,-303.6719632213908,SN-RRF-family-like comparator dominates the triangular diagnostic margin.,Diagnostic residual-regime map only; not a physical dark-matter classification.
NGC6015,SN_RRF_FAMILY_TRIANGLE_DOMINANT,RESPONSE_FAMILY_DOMINANT_ZONE,LOW_TO_MEDIUM_RECLASSIFICATION_CAUTION,PROXY_SUPPORTED,SN_RRF_FAMILY_TRIANGLE_DOMINANT,0.3285463590009667,SN_RRF_FAMILY_LIKE,CAUTION-RECLASSIFY,1.5,0.505492033420091,0.8056478695530099,155.0,166.0,0.1102062641318496,0.3217735275754422,44,-233.4278594595085,-494.3415518430001,SN-RRF-family-like comparator dominates the triangular diagnostic margin.,Diagnostic residual-regime map only; not a physical dark-matter classification.
NGC6195,SN_RRF_FAMILY_TRIANGLE_DOMINANT,RESPONSE_FAMILY_DOMINANT_ZONE,LOW_TO_MEDIUM_RECLASSIFICATION_CAUTION,PROXY_MISMATCH_DIAGNOSTIC_CAUTION,NFW_TRIANGLE_DOMINANT,0.6146286702322801,SN_RRF_FAMILY_LIKE,CAUTION-RECLASSIFY,1.25,0.3220978046420039,0.6792219319871858,254.5004911586616,258.0,0.0206242180260503,1.0444750719849314,23,-21.60669908849931,-22.41979907140934,SN-RRF-family-like comparator dominates the triangular diagnostic margin.,Diagnostic residual-regime map only; not a physical dark-matter classification.
NGC6503,SN_RRF_FAMILY_TRIANGLE_DOMINANT,RESPONSE_FAMILY_DOMINANT_ZONE,LOW_TO_MEDIUM_RECLASSIFICATION_CAUTION,PROXY_SUPPORTED,SN_RRF_FAMILY_TRIANGLE_DOMINANT,0.5143391433393756,SN_RRF_FAMILY_LIKE,CAUTION-RECLASSIFY,2.0,0.051049919783919,0.9299111711403716,115.0,121.0,0.1338904283183467,0.2571210699432892,31,-36.06367818832412,-74.61088986423654,SN-RRF-family-like comparator dominates the triangular diagnostic margin.,Diagnostic residual-regime map only; not a physical dark-matter classification.
NGC6674,PATHOLOGY_ARCHIVE,PATHOLOGY_ARCHIVE_ZONE,PASS_THROUGH_CAUTION,PROXY_MISMATCH_DIAGNOSTIC_CAUTION,UNRESOLVED_TRIANGULAR,0.1408033167565321,PATHOLOGY_ARCHIVE,CAUTION-RECLASSIFY,12.0,0.6819900468154461,0.8374708208455257,242.0,291.0,0.0695715289980319,0.2957972559934431,15,-7.013931180731902,-116.76295390999924,Core/pathology guard active; archive from physical interpretation.,Diagnostic residual-regime map only; not a physical dark-matter classification.
NGC6946,SN_RRF_RAR_ADVANTAGE_NFW_COMPETITIVE,RESPONSE_FAMILY_WITH_NFW_COMPETITIVE_ZONE,MEDIUM_WITH_PROXY_CAUTION,PROXY_MISMATCH_DIAGNOSTIC_CAUTION,NFW_TRIANGLE_DOMINANT,0.4235670653062549,SN_RRF_FAMILY_LIKE,STABLE,2.5,0.1891341960815337,0.6529728163309683,158.0,181.0,0.0418416542681228,0.7552493230251563,58,-2.90871279598332,-26.464780202050548,SN-RRF-family-like margin is strong relative to RAR-like while NFW-like remains competitive.,Diagnostic residual-regime map only; not a physical dark-matter classification.
NGC7331,NUISANCE_SENSITIVE,NUISANCE_SENSITIVE_ZONE,PASS_THROUGH_CAUTION,PROXY_MISMATCH_DIAGNOSTIC_CAUTION,NFW_TRIANGLE_DOMINANT,1.1068538691440366,NUISANCE_SENSITIVE,STABLE,2.75,0.4081938448612879,0.6488052483390173,239.0,257.0,0.0400385733168341,0.680788196985347,36,45.01720085249704,26.194350497453943,Classification is dominated by nuisance-boundary sensitivity and is not mapped as a physical residual regime.,Diagnostic residual-regime map only; not a physical dark-matter classification.
NGC7793,SN_RRF_FAMILY_TRIANGLE_DOMINANT,RESPONSE_FAMILY_DOMINANT_ZONE,LOW_TO_MEDIUM_RECLASSIFICATION_CAUTION,PROXY_MISMATCH_DIAGNOSTIC_CAUTION,NFW_TRIANGLE_DOMINANT,0.480043838094399,MIXED_COMPETITIVE,WEAK-MISMATCH,1.5,0.4069714823403204,0.4243164820069283,110.51018052650171,116.0,0.0131697783960118,0.6644340552712386,46,-33.66035695203752,-28.412776727620745,SN-RRF-family-like comparator dominates the triangular diagnostic margin.,Diagnostic residual-regime map only; not a physical dark-matter classification.
NGC7814,NUISANCE_SENSITIVE,NUISANCE_SENSITIVE_ZONE,PASS_THROUGH_CAUTION,PROXY_MISMATCH_DIAGNOSTIC_CAUTION,NFW_TRIANGLE_DOMINANT,0.7839285989115388,NUISANCE_SENSITIVE,STABLE,2.25,0.5412059933885343,0.6316114142134042,214.0,265.0,0.0058556347331544,0.4338701720674294,18,4.736186385404709,-6.555706499533887,Classification is dominated by nuisance-boundary sensitivity and is not mapped as a physical residual regime.,Diagnostic residual-regime map only; not a physical dark-matter classification.
UGC00128,NUISANCE_SENSITIVE,NUISANCE_SENSITIVE_ZONE,PASS_THROUGH_CAUTION,PROXY_SUPPORTED,NUISANCE_SENSITIVE,1.511882800236497,NUISANCE_SENSITIVE,STABLE,1.5,0.1138607710187257,0.8769611256518387,131.00381673829202,134.0,0.462700483793659,0.1533541982286446,22,-18.831814788568156,-2012.871968934253,Classification is dominated by nuisance-boundary sensitivity and is not mapped as a physical residual regime.,Diagnostic residual-regime map only; not a physical dark-matter classification.
UGC00191,SN_RRF_RAR_ADVANTAGE_NFW_COMPETITIVE,RESPONSE_FAMILY_WITH_NFW_COMPETITIVE_ZONE,MEDIUM_WITH_PROXY_CAUTION,PROXY_MISMATCH_DIAGNOSTIC_CAUTION,THREE_WAY_COMPETITIVE,0.3475004604425264,HALO_DOMINANT_LIKE,STABLE,1.75,0.1585915161332078,0.656959608850614,81.0,83.85,0.0332466270052825,0.3506495960981557,9,-8.067740661270271,-176.17049504121206,SN-RRF-family-like margin is strong relative to RAR-like while NFW-like remains competitive.,Diagnostic residual-regime map only; not a physical dark-matter classification.
UGC00731,NUISANCE_SENSITIVE,NUISANCE_SENSITIVE_ZONE,PASS_THROUGH_CAUTION,PROXY_SUPPORTED,NUISANCE_SENSITIVE,1.576145602253689,NUISANCE_SENSITIVE,STABLE,1.5,0.1546353997136491,0.6421536824815793,73.9,74.0,0.6613776176831884,0.2641669886343868,12,-2.4986739856188223,-142.1519895483693,Classification is dominated by nuisance-boundary sensitivity and is not mapped as a physical residual regime.,Diagnostic residual-regime map only; not a physical dark-matter classification.
UGC01230,SN_RRF_RAR_ADVANTAGE_NFW_COMPETITIVE,RESPONSE_FAMILY_WITH_NFW_COMPETITIVE_ZONE,LOW_TO_MEDIUM_RECLASSIFICATION_CAUTION,PROXY_SUPPORTED,SN_RRF_RAR_ADVANTAGE_NFW_COMPETITIVE,0.210168595255531,UNRESOLVED_OR_WEAK,WEAK-MISMATCH,4.75,0.0908741064317821,0.7770344898467322,103.0,113.0,0.1742072675174039,0.2875201904043736,11,-6.806027308747725,-35.76947760786764,SN-RRF-family-like margin is strong relative to RAR-like while NFW-like remains competitive.,Diagnostic residual-regime map only; not a physical dark-matter classification.
UGC01281,UNRESOLVED_TRIANGULAR,UNRESOLVED_TRIANGULAR_ZONE,LOW_UNRESOLVED,PROXY_MISMATCH_DIAGNOSTIC_CAUTION,NUISANCE_SENSITIVE,0.2299474442165499,MIXED_COMPETITIVE,STABLE,2.0,0.5159049106838448,0.8828456781018429,55.0,56.9,0.2009839066672678,0.2318520661157025,25,-23.467219844213744,-2.9484015218649717,Comparator margins do not support a stable residual-regime assignment.,Diagnostic residual-regime map only; not a physical dark-matter classification.
UGC02259,NUISANCE_SENSITIVE,NUISANCE_SENSITIVE_ZONE,PASS_THROUGH_CAUTION,PROXY_SUPPORTED,NUISANCE_SENSITIVE,0.4246468342441174,NUISANCE_SENSITIVE,STABLE,1.5,0.1376286497442316,0.8561628889058479,88.3,90.0,0.2031394959774515,0.2583479438596672,8,-4.228217950850475,-39.814771347067946,Classification is dominated by nuisance-boundary sensitivity and is not mapped as a physical residual regime.,Diagnostic residual-regime map only; not a physical dark-matter classification.
UGC02455,PATHOLOGY_ARCHIVE,PATHOLOGY_ARCHIVE_ZONE,PASS_THROUGH_CAUTION,PROXY_SUPPORTED,PATHOLOGY_ARCHIVE,2089.095032854805,PATHOLOGY_ARCHIVE,STABLE,12.0,6.450918471613389,354.6589776046778,53.1,61.0,0.0515977569898849,1.9758684357056469,8,-5.491527394836799,-16.16108724369261,Core/pathology guard active; archive from physical interpretation.,Diagnostic residual-regime map only; not a physical dark-matter classification.
UGC02487,SN_RRF_FAMILY_TRIANGLE_DOMINANT,RESPONSE_FAMILY_DOMINANT_ZONE,LOW_TO_MEDIUM_RECLASSIFICATION_CAUTION,PROXY_MISMATCH_DIAGNOSTIC_CAUTION,NFW_TRIANGLE_DOMINANT,0.7509033298234371,UNRESOLVED_OR_WEAK,WEAK-MISMATCH,5.25,0.2679854852456885,0.5849776918947217,330.0,383.0,0.0215172481039733,0.3122713994490358,17,-11.518807615177463,-71.89336105888594,SN-RRF-family-like comparator dominates the triangular diagnostic margin.,Diagnostic residual-regime map only; not a physical dark-matter classification.
UGC02885,SN_RRF_FAMILY_TRIANGLE_DOMINANT,RESPONSE_FAMILY_DOMINANT_ZONE,MEDIUM_WITH_PROXY_CAUTION,PROXY_MISMATCH_DIAGNOSTIC_CAUTION,NFW_TRIANGLE_DOMINANT,0.6463572610462385,RAR_ACCELERATION_LIKE,STABLE,0.5,0.4548293367179898,0.6659845955984076,298.0,305.0,0.0688298654437147,0.4113308781135986,19,-44.86316501202078,-41.22539913493661,SN-RRF-family-like comparator dominates the triangular diagnostic margin.,Diagnostic residual-regime map only; not a physical dark-matter classification.
UGC02916,NUISANCE_SENSITIVE,NUISANCE_SENSITIVE_ZONE,PASS_THROUGH_CAUTION,PROXY_MISMATCH_DIAGNOSTIC_CAUTION,NFW_TRIANGLE_DOMINANT,0.286385793016727,NUISANCE_SENSITIVE,STABLE,9.25,0.0042443748490972,1.0078577013510563,210.0,218.0,0.0098428559949136,0.713778387755102,43,-606.285332282499,-675.1131682119549,Classification is dominated by nuisance-boundary sensitivity and is not mapped as a physical residual regime.,Diagnostic residual-regime map only; not a physical dark-matter classification.
UGC02953,SN_RRF_FAMILY_TRIANGLE_DOMINANT,RESPONSE_FAMILY_DOMINANT_ZONE,LOW_TO_MEDIUM_RECLASSIFICATION_CAUTION,PROXY_MISMATCH_DIAGNOSTIC_CAUTION,NFW_TRIANGLE_DOMINANT,0.5164295606609457,SN_RRF_FAMILY_LIKE,CAUTION-RECLASSIFY,2.5,0.0714621835113319,0.8231470149663712,264.0,319.0,0.0,0.4124512195821854,115,-337.2088072089552,-426.5148641828584,SN-RRF-family-like comparator dominates the triangular diagnostic margin.,Diagnostic residual-regime map only; not a physical dark-matter classification.
UGC03205,SN_RRF_FAMILY_TRIANGLE_DOMINANT,RESPONSE_FAMILY_DOMINANT_ZONE,LOW_TO_MEDIUM_RECLASSIFICATION_CAUTION,PROXY_MISMATCH_DIAGNOSTIC_CAUTION,NFW_TRIANGLE_DOMINANT,0.6151112366862641,SN_RRF_FAMILY_LIKE,CAUTION-RECLASSIFY,1.5,0.0562874002236838,0.7541552971674648,219.0022830931221,237.0,0.0001483734526184,0.5593770557941704,48,-69.55528791783338,-156.61367833476805,SN-RRF-family-like comparator dominates the triangular diagnostic margin.,Diagnostic residual-regime map only; not a physical dark-matter classification.
UGC03546,SN_RRF_FAMILY_TRIANGLE_DOMINANT,RESPONSE_FAMILY_DOMINANT_ZONE,LOW_TO_MEDIUM_RECLASSIFICATION_CAUTION,PROXY_MISMATCH_DIAGNOSTIC_CAUTION,NFW_TRIANGLE_DOMINANT,1.00369146291757,UNRESOLVED_OR_WEAK,WEAK-MISMATCH,4.5,0.28094877331902,0.610559779158646,193.5006459937537,262.0,5.266504170286921e-05,0.6712652293516725,30,-12.021190882934423,-14.526479041445183,SN-RRF-family-like comparator dominates the triangular diagnostic margin.,Diagnostic residual-regime map only; not a physical dark-matter classification.
UGC03580,NFW_TRIANGLE_DOMINANT,HALO_COMPARATOR_DOMINANT_ZONE,MEDIUM_WITH_PROXY_CAUTION,PROXY_MISMATCH_DIAGNOSTIC_CAUTION,SN_RRF_FAMILY_TRIANGLE_DOMINANT,0.6402066461446347,HALO_DOMINANT_LIKE,STABLE,3.0,0.3222569995544311,0.8564790593136979,120.01666550941998,131.0,0.006585651508296,0.3770999514023882,47,75.14574846865852,56.044262666624206,NFW-like comparator is favored in the triangular diagnostic margin.,Diagnostic residual-regime map only; not a physical dark-matter classification.
UGC04278,SN_RRF_FAMILY_TRIANGLE_DOMINANT,RESPONSE_FAMILY_DOMINANT_ZONE,LOW_TO_MEDIUM_RECLASSIFICATION_CAUTION,PROXY_MISMATCH_DIAGNOSTIC_CAUTION,UNRESOLVED_TRIANGULAR,0.5402103958321858,SN_RRF_FAMILY_LIKE,CAUTION-RECLASSIFY,1.5,0.8011807562144369,1.1443264146439338,86.3,92.8,0.0,0.2682147753195957,25,-40.54189779263508,-73.56336245901721,SN-RRF-family-like comparator dominates the triangular diagnostic margin.,Diagnostic residual-regime map only; not a physical dark-matter classification.
UGC04305,SN_RRF_RAR_ADVANTAGE_NFW_COMPETITIVE,RESPONSE_FAMILY_WITH_NFW_COMPETITIVE_ZONE,HIGH_DIAGNOSTIC,PROXY_SUPPORTED,SN_RRF_RAR_ADVANTAGE_NFW_COMPETITIVE,0.0588177343063556,UNRESOLVED_OR_WEAK,STABLE,7.0,0.120020682508059,0.0716810187553453,34.8508966886076,37.3,0.1917661798507816,1.2761931853266757,22,-1.0953643336232233,-706.7269000219987,SN-RRF-family-like margin is strong relative to RAR-like while NFW-like remains competitive.,Diagnostic residual-regime map only; not a physical dark-matter classification.
UGC04325,SN_RRF_RAR_ADVANTAGE_NFW_COMPETITIVE,RESPONSE_FAMILY_WITH_NFW_COMPETITIVE_ZONE,MEDIUM_DIAGNOSTIC,PROXY_AMBIGUOUS_NEAR_TIE,THREE_WAY_COMPETITIVE,0.0532760869622876,SN_RRF_FAMILY_LIKE,STABLE,2.75,0.1840679473598248,0.6198072133396497,91.6,92.7,0.1723621879624622,0.3678812856352852,8,-9.805444942729652,-42.840824570081935,SN-RRF-family-like margin is strong relative to RAR-like while NFW-like remains competitive.,Diagnostic residual-regime map only; not a physical dark-matter classification.
UGC04483,SN_RRF_RAR_ADVANTAGE_NFW_COMPETITIVE,RESPONSE_FAMILY_WITH_NFW_COMPETITIVE_ZONE,MEDIUM_WITH_PROXY_CAUTION,PROXY_MISMATCH_DIAGNOSTIC_CAUTION,NUISANCE_SENSITIVE,1.2905433565758917,SN_RRF_FAMILY_LIKE,STABLE,2.5,0.3850597239640059,0.6618382233646345,24.2,24.3,0.5293546153731834,0.3474602144662249,8,-2.3280609261629923,-33.34080135396548,SN-RRF-family-like margin is strong relative to RAR-like while NFW-like remains competitive.,Diagnostic residual-regime map only; not a physical dark-matter classification.
UGC04499,SN_RRF_RAR_ADVANTAGE_NFW_COMPETITIVE,RESPONSE_FAMILY_WITH_NFW_COMPETITIVE_ZONE,MEDIUM_WITH_PROXY_CAUTION,PROXY_MISMATCH_DIAGNOSTIC_CAUTION,NUISANCE_SENSITIVE,0.8134336246119416,SN_RRF_FAMILY_LIKE,STABLE,2.25,0.3064528249792871,0.6791445682822571,73.3,74.3,0.3223854713490127,0.3914409749687785,9,-4.214373374098926,-19.88763761878937,SN-RRF-family-like margin is strong relative to RAR-like while NFW-like remains competitive.,Diagnostic residual-regime map only; not a physical dark-matter classification.
UGC05005,THREE_WAY_COMPETITIVE,MIXED_THREE_WAY_COMPETITIVE_ZONE,MEDIUM_DIAGNOSTIC,PROXY_AMBIGUOUS_NEAR_TIE,NUISANCE_SENSITIVE,0.0385070375212237,MIXED_COMPETITIVE,STABLE,2.0,0.3566689707529199,0.814146711204287,99.4,100.0,0.1758389028199194,0.2278496127671461,11,-2.390127517542004,-2.099059285021374,"NFW-like, RAR-like, and SN-RRF-family-like descriptions remain broadly competitive.",Diagnostic residual-regime map only; not a physical dark-matter classification.
UGC05253,SN_RRF_FAMILY_TRIANGLE_DOMINANT,RESPONSE_FAMILY_DOMINANT_ZONE,LOW_TO_MEDIUM_RECLASSIFICATION_CAUTION,PROXY_MISMATCH_DIAGNOSTIC_CAUTION,NFW_TRIANGLE_DOMINANT,0.7512223102734579,SN_RRF_FAMILY_LIKE,CAUTION-RECLASSIFY,2.0,0.2210628874360587,0.5638834382627794,244.0,248.0,0.0012150963030845,0.5755946822090834,73,-190.69175635748095,-361.79668219638575,SN-RRF-family-like comparator dominates the triangular diagnostic margin.,Diagnostic residual-regime map only; not a physical dark-matter classification.
UGC05716,NUISANCE_SENSITIVE,NUISANCE_SENSITIVE_ZONE,PASS_THROUGH_CAUTION,PROXY_SUPPORTED,NUISANCE_SENSITIVE,1.7805450686294422,NUISANCE_SENSITIVE,STABLE,1.5,0.3284737213881026,0.762686372163753,73.0,74.7,0.5582940073721909,0.2012508350534809,12,-14.558664454489184,-370.3379109473378,Classification is dominated by nuisance-boundary sensitivity and is not mapped as a physical residual regime.,Diagnostic residual-regime map only; not a physical dark-matter classification.
UGC05721,SN_RRF_FAMILY_TRIANGLE_DOMINANT,RESPONSE_FAMILY_DOMINANT_ZONE,MEDIUM_WITH_PROXY_CAUTION,PROXY_MISMATCH_DIAGNOSTIC_CAUTION,NUISANCE_SENSITIVE,0.9713323846591624,SN_RRF_FAMILY_LIKE,STABLE,2.25,0.180535928341847,0.8558687709417734,78.4501434033106,82.6,0.251008184583506,0.1633083269354976,23,-15.432301238717027,-52.70445062814652,SN-RRF-family-like comparator dominates the triangular diagnostic margin.,Diagnostic residual-regime map only; not a physical dark-matter classification.
UGC05750,THREE_WAY_COMPETITIVE,MIXED_THREE_WAY_COMPETITIVE_ZONE,MEDIUM_DIAGNOSTIC,PROXY_AMBIGUOUS_NEAR_TIE,SN_RRF_RAR_ADVANTAGE_NFW_COMPETITIVE,0.0590642406808634,MIXED_COMPETITIVE,STABLE,2.75,0.2287756666337537,0.7228335007477767,77.6,78.9,0.1792511779575575,0.3468188204113083,11,-5.329285248503268,-6.419411210981108,"NFW-like, RAR-like, and SN-RRF-family-like descriptions remain broadly competitive.",Diagnostic residual-regime map only; not a physical dark-matter classification.
UGC05764,NUISANCE_SENSITIVE,NUISANCE_SENSITIVE_ZONE,PASS_THROUGH_CAUTION,PROXY_SUPPORTED,NUISANCE_SENSITIVE,1.5377140814471009,NUISANCE_SENSITIVE,STABLE,2.25,0.2552451652903577,0.9388999067554332,50.0,55.8,0.693184130007422,0.2141353999999999,10,-23.401671859454652,-443.7164635058664,Classification is dominated by nuisance-boundary sensitivity and is not mapped as a physical residual regime.,Diagnostic residual-regime map only; not a physical dark-matter classification.
UGC05829,NUISANCE_SENSITIVE,NUISANCE_SENSITIVE_ZONE,PASS_THROUGH_CAUTION,PROXY_SUPPORTED,NUISANCE_SENSITIVE,0.9404166668520504,NUISANCE_SENSITIVE,STABLE,1.25,0.4630453637223821,0.5275465596957494,65.6,68.6,0.3969357625823655,0.3607083999479477,11,-1.6149347323548922,-23.510736019745327,Classification is dominated by nuisance-boundary sensitivity and is not mapped as a physical residual regime.,Diagnostic residual-regime map only; not a physical dark-matter classification.
UGC05918,NUISANCE_SENSITIVE,NUISANCE_SENSITIVE_ZONE,PASS_THROUGH_CAUTION,PROXY_SUPPORTED,NUISANCE_SENSITIVE,0.6363552890592565,NUISANCE_SENSITIVE,STABLE,1.75,0.2344188649348866,0.5343026953925514,42.6,44.5,0.2851119649642405,0.2728032907932729,8,-0.9206982284302684,-4.440224271594106,Classification is dominated by nuisance-boundary sensitivity and is not mapped as a physical residual regime.,Diagnostic residual-regime map only; not a physical dark-matter classification.
UGC05986,SN_RRF_FAMILY_TRIANGLE_DOMINANT,RESPONSE_FAMILY_DOMINANT_ZONE,MEDIUM_WITH_PROXY_CAUTION,PROXY_MISMATCH_DIAGNOSTIC_CAUTION,THREE_WAY_COMPETITIVE,0.2282544148087324,SN_RRF_FAMILY_LIKE,STABLE,2.5,0.3433739315604619,0.7958722481526723,110.51018052650171,116.0,0.1037790247211096,0.2709372118730809,15,-64.38651427688755,-78.48313616415784,SN-RRF-family-like comparator dominates the triangular diagnostic margin.,Diagnostic residual-regime map only; not a physical dark-matter classification.
UGC06399,THREE_WAY_COMPETITIVE,MIXED_THREE_WAY_COMPETITIVE_ZONE,HIGH_DIAGNOSTIC,PROXY_SUPPORTED,THREE_WAY_COMPETITIVE,0.4894096081557559,MIXED_COMPETITIVE,STABLE,2.25,0.500131445787263,0.6010405296028228,85.6,87.6,0.1233202339522139,0.3340797367674034,9,-4.638863550835865,0.0996204990018136,"NFW-like, RAR-like, and SN-RRF-family-like descriptions remain broadly competitive.",Diagnostic residual-regime map only; not a physical dark-matter classification.
UGC06446,NUISANCE_SENSITIVE,NUISANCE_SENSITIVE_ZONE,PASS_THROUGH_CAUTION,PROXY_SUPPORTED,NUISANCE_SENSITIVE,1.7292088524279503,NUISANCE_SENSITIVE,STABLE,1.5,0.2441147851955216,0.6332240763138611,83.2,84.9,0.3762498073894136,0.2275787172938239,17,-3.243948458922839,-10.518514488613764,Classification is dominated by nuisance-boundary sensitivity and is not mapped as a physical residual regime.,Diagnostic residual-regime map only; not a physical dark-matter classification.
UGC06614,THREE_WAY_COMPETITIVE,MIXED_THREE_WAY_COMPETITIVE_ZONE,MEDIUM_WITH_PROXY_CAUTION,PROXY_MISMATCH_DIAGNOSTIC_CAUTION,NFW_TRIANGLE_DOMINANT,0.1846127656509741,MIXED_COMPETITIVE,STABLE,2.75,0.3731204778565899,0.8065581673664792,203.00246303924493,205.0,0.0,0.3854119619024508,13,0.0270818183446968,-2.6474537784685337,"NFW-like, RAR-like, and SN-RRF-family-like descriptions remain broadly competitive.",Diagnostic residual-regime map only; not a physical dark-matter classification.
UGC06667,NUISANCE_SENSITIVE,NUISANCE_SENSITIVE_ZONE,PASS_THROUGH_CAUTION,PROXY_SUPPORTED,NUISANCE_SENSITIVE,1.7105049401357348,NUISANCE_SENSITIVE,STABLE,2.0,0.2856769324566942,0.7602366500634608,85.0,85.7,0.4956522561010189,0.1622567335640138,9,-9.086860482805598,-30.576752708401635,Classification is dominated by nuisance-boundary sensitivity and is not mapped as a physical residual regime.,Diagnostic residual-regime map only; not a physical dark-matter classification.
UGC06786,NUISANCE_SENSITIVE,NUISANCE_SENSITIVE_ZONE,PASS_THROUGH_CAUTION,PROXY_MISMATCH_DIAGNOSTIC_CAUTION,NFW_TRIANGLE_DOMINANT,0.180668882892574,NUISANCE_SENSITIVE,STABLE,1.25,0.1090890264302983,0.9146739267092616,226.0,229.0,0.0033743636140993,0.3260387246456261,45,-184.01610936911365,-729.3053598067423,Classification is dominated by nuisance-boundary sensitivity and is not mapped as a physical residual regime.,Diagnostic residual-regime map only; not a physical dark-matter classification.
UGC06787,NUISANCE_SENSITIVE,NUISANCE_SENSITIVE_ZONE,PASS_THROUGH_CAUTION,PROXY_MISMATCH_DIAGNOSTIC_CAUTION,NFW_TRIANGLE_DOMINANT,0.4228331298590095,NUISANCE_SENSITIVE,STABLE,2.25,0.1151497175581048,0.8156569490758488,246.5005070988699,276.0,0.0019108667577432,0.327921644929027,71,201.6758030097524,-260.3347714857912,Classification is dominated by nuisance-boundary sensitivity and is not mapped as a physical residual regime.,Diagnostic residual-regime map only; not a physical dark-matter classification.
UGC06818,SN_RRF_RAR_ADVANTAGE_NFW_COMPETITIVE,RESPONSE_FAMILY_WITH_NFW_COMPETITIVE_ZONE,LOW_TO_MEDIUM_RECLASSIFICATION_CAUTION,PROXY_MISMATCH_DIAGNOSTIC_CAUTION,UNRESOLVED_TRIANGULAR,0.8326082111945978,UNRESOLVED_OR_WEAK,WEAK-MISMATCH,5.75,0.6799239098821815,1.2152157172832838,71.2,74.4,0.0802031060064331,0.3452807805201363,8,-8.617212434500871,-13.227846806987255,SN-RRF-family-like margin is strong relative to RAR-like while NFW-like remains competitive.,Diagnostic residual-regime map only; not a physical dark-matter classification.
UGC06917,THREE_WAY_COMPETITIVE,MIXED_THREE_WAY_COMPETITIVE_ZONE,HIGH_DIAGNOSTIC,PROXY_SUPPORTED,THREE_WAY_COMPETITIVE,0.3662278180994689,MIXED_COMPETITIVE,STABLE,2.25,0.334071427638817,0.5847378632107327,110.0,111.0,0.095637589728028,0.3929983471074379,11,-6.006104605885432,-6.870556451790958,"NFW-like, RAR-like, and SN-RRF-family-like descriptions remain broadly competitive.",Diagnostic residual-regime map only; not a physical dark-matter classification.
UGC06930,SN_RRF_RAR_ADVANTAGE_NFW_COMPETITIVE,RESPONSE_FAMILY_WITH_NFW_COMPETITIVE_ZONE,HIGH_DIAGNOSTIC,PROXY_SUPPORTED,SN_RRF_RAR_ADVANTAGE_NFW_COMPETITIVE,0.1349563330046952,SN_RRF_FAMILY_LIKE,STABLE,2.25,0.1553195714504805,0.753102994308296,108.0,109.0,0.1871280919864963,0.3932738768861455,10,-1.505427815875871,-13.19340197432956,SN-RRF-family-like margin is strong relative to RAR-like while NFW-like remains competitive.,Diagnostic residual-regime map only; not a physical dark-matter classification.
UGC06973,PATHOLOGY_ARCHIVE,PATHOLOGY_ARCHIVE_ZONE,PASS_THROUGH_CAUTION,PROXY_AMBIGUOUS_NEAR_TIE,UNRESOLVED_TRIANGULAR,0.0918221209537986,PATHOLOGY_ARCHIVE,STABLE,12.0,0.4013152422413812,0.7326323167837412,178.0,180.0,0.0170999288961383,1.0869536359045575,9,-22.216620896981453,-122.95191860821912,Core/pathology guard active; archive from physical interpretation.,Diagnostic residual-regime map only; not a physical dark-matter classification.
UGC06983,NUISANCE_SENSITIVE,NUISANCE_SENSITIVE_ZONE,PASS_THROUGH_CAUTION,PROXY_SUPPORTED,NUISANCE_SENSITIVE,0.3313062621113367,NUISANCE_SENSITIVE,STABLE,2.5,0.1361053060602256,0.8960652934593895,108.0,113.0,0.2357561581700059,0.3051034722222222,17,-4.173447969823828,-10.290310840523953,Classification is dominated by nuisance-boundary sensitivity and is not mapped as a physical residual regime.,Diagnostic residual-regime map only; not a physical dark-matter classification.
UGC07089,THREE_WAY_COMPETITIVE,MIXED_THREE_WAY_COMPETITIVE_ZONE,MEDIUM_WITH_PROXY_CAUTION,PROXY_MISMATCH_DIAGNOSTIC_CAUTION,UNRESOLVED_TRIANGULAR,0.3438356548973926,MIXED_COMPETITIVE,STABLE,1.5,0.8160624109786319,0.8469794083617365,77.6,79.1,0.1332505721817238,0.4705017137846743,12,-5.41563840785712,-1.1325897851237663,"NFW-like, RAR-like, and SN-RRF-family-like descriptions remain broadly competitive.",Diagnostic residual-regime map only; not a physical dark-matter classification.
UGC07125,SN_RRF_RAR_ADVANTAGE_NFW_COMPETITIVE,RESPONSE_FAMILY_WITH_NFW_COMPETITIVE_ZONE,MEDIUM_WITH_PROXY_CAUTION,PROXY_MISMATCH_DIAGNOSTIC_CAUTION,NUISANCE_SENSITIVE,0.539867321317439,SN_RRF_FAMILY_LIKE,STABLE,2.25,0.2903660793291374,0.5223022782367821,65.25017241356531,65.6,0.3378378378378379,0.5372531493792843,13,-8.0269761875373,-788.3492010610172,SN-RRF-family-like margin is strong relative to RAR-like while NFW-like remains competitive.,Diagnostic residual-regime map only; not a physical dark-matter classification.
UGC07151,SN_RRF_FAMILY_TRIANGLE_DOMINANT,RESPONSE_FAMILY_DOMINANT_ZONE,MEDIUM_DIAGNOSTIC,PROXY_AMBIGUOUS_NEAR_TIE,THREE_WAY_COMPETITIVE,0.0103360339228397,SN_RRF_FAMILY_LIKE,STABLE,2.75,0.2395705460004976,0.533234364088133,74.0,76.2,0.1388457210105054,0.5449385865595324,11,-12.763156786647093,-27.459586926630656,SN-RRF-family-like comparator dominates the triangular diagnostic margin.,Diagnostic residual-regime map only; not a physical dark-matter classification.
UGC07323,THREE_WAY_COMPETITIVE,MIXED_THREE_WAY_COMPETITIVE_ZONE,HIGH_DIAGNOSTIC,PROXY_SUPPORTED,THREE_WAY_COMPETITIVE,0.1624946179868476,MIXED_COMPETITIVE,STABLE,1.5,0.771145939083473,0.6276773727215244,82.8,85.6,0.0459077926066851,0.6607498570561741,10,-7.057076456213263,-2.4107666575995443,"NFW-like, RAR-like, and SN-RRF-family-like descriptions remain broadly competitive.",Diagnostic residual-regime map only; not a physical dark-matter classification.
UGC07399,NUISANCE_SENSITIVE,NUISANCE_SENSITIVE_ZONE,PASS_THROUGH_CAUTION,PROXY_SUPPORTED,NUISANCE_SENSITIVE,0.9065419376302268,NUISANCE_SENSITIVE,STABLE,1.75,0.291353286061929,0.6707760531594743,103.0,106.0,0.2621766922791814,0.1524088038457913,10,-17.840852245409465,-60.66454851394015,Classification is dominated by nuisance-boundary sensitivity and is not mapped as a physical residual regime.,Diagnostic residual-regime map only; not a physical dark-matter classification.
UGC07524,SN_RRF_FAMILY_TRIANGLE_DOMINANT,RESPONSE_FAMILY_DOMINANT_ZONE,LOW_TO_MEDIUM_RECLASSIFICATION_CAUTION,PROXY_MISMATCH_DIAGNOSTIC_CAUTION,NUISANCE_SENSITIVE,0.4011515916222099,SN_RRF_FAMILY_LIKE,CAUTION-RECLASSIFY,1.75,0.3135420143107699,0.4987109485013919,79.9507661001444,83.8,0.254429464385582,0.3926402956763204,31,-30.311648908882816,-115.02812421192056,SN-RRF-family-like comparator dominates the triangular diagnostic margin.,Diagnostic residual-regime map only; not a physical dark-matter classification.
UGC07577,PATHOLOGY_ARCHIVE,PATHOLOGY_ARCHIVE_ZONE,PASS_THROUGH_CAUTION,PROXY_SUPPORTED,PATHOLOGY_ARCHIVE,357.4066715372573,PATHOLOGY_ARCHIVE,STABLE,4.25,15.686399215167883,3955.5099046640366,15.9,17.8,0.1989044879820171,0.927193149005182,9,0.0377556672275618,-49.87989429118696,Core/pathology guard active; archive from physical interpretation.,Diagnostic residual-regime map only; not a physical dark-matter classification.
UGC07603,SN_RRF_FAMILY_TRIANGLE_DOMINANT,RESPONSE_FAMILY_DOMINANT_ZONE,MEDIUM_WITH_PROXY_CAUTION,PROXY_MISMATCH_DIAGNOSTIC_CAUTION,NUISANCE_SENSITIVE,0.6380103728710798,SN_RRF_FAMILY_LIKE,STABLE,2.5,0.3473577448057511,0.8261887747208981,63.0,64.0,0.2690041200877587,0.1943062988158226,12,-15.146193731450955,-30.80067195113357,SN-RRF-family-like comparator dominates the triangular diagnostic margin.,Diagnostic residual-regime map only; not a physical dark-matter classification.
UGC07608,THREE_WAY_COMPETITIVE,MIXED_THREE_WAY_COMPETITIVE_ZONE,MEDIUM_WITH_PROXY_CAUTION,PROXY_MISMATCH_DIAGNOSTIC_CAUTION,NUISANCE_SENSITIVE,1.266437765578806,MIXED_COMPETITIVE,STABLE,2.25,0.4398733892228451,0.823054399049418,66.0,69.3,0.4120872740514944,0.1654315197428834,8,-2.368427867609194,0.5418003168328154,"NFW-like, RAR-like, and SN-RRF-family-like descriptions remain broadly competitive.",Diagnostic residual-regime map only; not a physical dark-matter classification.
UGC08286,NUISANCE_SENSITIVE,NUISANCE_SENSITIVE_ZONE,PASS_THROUGH_CAUTION,PROXY_SUPPORTED,NUISANCE_SENSITIVE,0.4017013800821472,NUISANCE_SENSITIVE,STABLE,2.25,0.1535164244385278,0.8784068199465662,83.5,84.3,0.1844248372604478,0.2105602065330416,17,-22.74282534697728,-32.97328559691554,Classification is dominated by nuisance-boundary sensitivity and is not mapped as a physical residual regime.,Diagnostic residual-regime map only; not a physical dark-matter classification.
UGC08490,SN_RRF_FAMILY_TRIANGLE_DOMINANT,RESPONSE_FAMILY_DOMINANT_ZONE,LOW_TO_MEDIUM_RECLASSIFICATION_CAUTION,PROXY_MISMATCH_DIAGNOSTIC_CAUTION,NUISANCE_SENSITIVE,1.4620471534973811,MIXED_COMPETITIVE,WEAK-MISMATCH,1.5,0.2523586956216306,0.7743851096862977,77.75014469439913,80.1,0.3698138427351224,0.1714426678863903,30,-11.78433075756348,-11.699256177976228,SN-RRF-family-like comparator dominates the triangular diagnostic margin.,Diagnostic residual-regime map only; not a physical dark-matter classification.
UGC08550,NUISANCE_SENSITIVE,NUISANCE_SENSITIVE_ZONE,PASS_THROUGH_CAUTION,PROXY_SUPPORTED,NUISANCE_SENSITIVE,0.344481077844891,NUISANCE_SENSITIVE,STABLE,1.5,0.4754779836786927,0.7869391832887055,57.5,57.8,0.2321282205554838,0.2179274102079395,11,-14.29781603755098,-20.48507339847569,Classification is dominated by nuisance-boundary sensitivity and is not mapped as a physical residual regime.,Diagnostic residual-regime map only; not a physical dark-matter classification.
UGC08699,SN_RRF_FAMILY_TRIANGLE_DOMINANT,RESPONSE_FAMILY_DOMINANT_ZONE,MEDIUM_WITH_PROXY_CAUTION,PROXY_MISMATCH_DIAGNOSTIC_CAUTION,NFW_TRIANGLE_DOMINANT,0.733877669280754,HALO_DOMINANT_LIKE,STABLE,1.0,0.3201496287129105,0.5618551305245786,182.0,202.0,0.0166714132798353,0.5148080304311073,41,-41.63063915678056,-48.22978766745116,SN-RRF-family-like comparator dominates the triangular diagnostic margin.,Diagnostic residual-regime map only; not a physical dark-matter classification.
UGC08837,SN_RRF_FAMILY_TRIANGLE_DOMINANT,RESPONSE_FAMILY_DOMINANT_ZONE,MEDIUM_WITH_PROXY_CAUTION,PROXY_MISMATCH_DIAGNOSTIC_CAUTION,UNRESOLVED_TRIANGULAR,0.6678877388025866,SN_RRF_FAMILY_LIKE,STABLE,2.75,0.8742632018176828,1.107229068460373,46.6,48.0,0.2465833619672545,0.5195778610768297,8,-19.89496369732969,-53.28120961106248,SN-RRF-family-like comparator dominates the triangular diagnostic margin.,Diagnostic residual-regime map only; not a physical dark-matter classification.
UGC09037,SN_RRF_RAR_ADVANTAGE_NFW_COMPETITIVE,RESPONSE_FAMILY_WITH_NFW_COMPETITIVE_ZONE,HIGH_DIAGNOSTIC,PROXY_SUPPORTED,SN_RRF_RAR_ADVANTAGE_NFW_COMPETITIVE,0.5462524052295934,MIXED_COMPETITIVE,STABLE,4.25,0.1949587950478067,0.7387297769096364,153.00326793895613,160.0,0.1505548505957789,0.6697970183682188,22,-1.150286080068252,-11.005173183106995,SN-RRF-family-like margin is strong relative to RAR-like while NFW-like remains competitive.,Diagnostic residual-regime map only; not a physical dark-matter classification.
UGC09133,SN_RRF_FAMILY_TRIANGLE_DOMINANT,RESPONSE_FAMILY_DOMINANT_ZONE,MEDIUM_WITH_PROXY_CAUTION,PROXY_MISMATCH_DIAGNOSTIC_CAUTION,NFW_TRIANGLE_DOMINANT,0.5993431759860037,SN_RRF_FAMILY_LIKE,STABLE,3.5,0.0623068613619077,0.786587774810401,228.0,289.0,0.0093244541804845,0.365938415666359,68,-88.77901184794234,-1675.1397860196455,SN-RRF-family-like comparator dominates the triangular diagnostic margin.,Diagnostic residual-regime map only; not a physical dark-matter classification.
UGC11455,SN_RRF_FAMILY_TRIANGLE_DOMINANT,RESPONSE_FAMILY_DOMINANT_ZONE,MEDIUM_WITH_PROXY_CAUTION,PROXY_MISMATCH_DIAGNOSTIC_CAUTION,NFW_TRIANGLE_DOMINANT,1.0342843581402277,SN_RRF_FAMILY_LIKE,STABLE,2.5,0.165639968436716,0.7055079565871091,272.0,291.0,0.0049736489617406,0.8126198759191177,36,-82.97769010465677,-72.91735481374951,SN-RRF-family-like comparator dominates the triangular diagnostic margin.,Diagnostic residual-regime map only; not a physical dark-matter classification.
UGC11557,PATHOLOGY_ARCHIVE,PATHOLOGY_ARCHIVE_ZONE,PASS_THROUGH_CAUTION,PROXY_MISMATCH_DIAGNOSTIC_CAUTION,UNRESOLVED_TRIANGULAR,0.2312945322732336,PATHOLOGY_ARCHIVE,CAUTION-RECLASSIFY,12.0,0.3135081201278987,0.8169710538255515,81.6,85.0,0.0151615207927254,1.3301757286860825,12,-9.485161252740102,-8.923992936976799,Core/pathology guard active; archive from physical interpretation.,Diagnostic residual-regime map only; not a physical dark-matter classification.
UGC11820,NUISANCE_SENSITIVE,NUISANCE_SENSITIVE_ZONE,PASS_THROUGH_CAUTION,PROXY_MISMATCH_DIAGNOSTIC_CAUTION,THREE_WAY_COMPETITIVE,0.2448169586208659,NUISANCE_SENSITIVE,STABLE,1.0,0.42844569741116,0.7479051598313652,81.25,84.45,0.1542337505775448,0.244646233372781,10,-17.57054959349542,-876.6989069537154,Classification is dominated by nuisance-boundary sensitivity and is not mapped as a physical residual regime.,Diagnostic residual-regime map only; not a physical dark-matter classification.
UGC11914,PATHOLOGY_ARCHIVE,PATHOLOGY_ARCHIVE_ZONE,PASS_THROUGH_CAUTION,PROXY_MISMATCH_DIAGNOSTIC_CAUTION,UNRESOLVED_TRIANGULAR,0.1578866915897663,PATHOLOGY_ARCHIVE,STABLE,0.5,2.6104513273125383,12.398333663955134,284.0,305.0,0.0002200119684126,1.1001905599087485,65,-165.14386011640465,-306.67291740399025,Core/pathology guard active; archive from physical interpretation.,Diagnostic residual-regime map only; not a physical dark-matter classification.
UGC12506,NFW_TRIANGLE_DOMINANT,HALO_COMPARATOR_DOMINANT_ZONE,HIGH_DIAGNOSTIC,PROXY_SUPPORTED,NFW_TRIANGLE_DOMINANT,0.1639347372479833,HALO_DOMINANT_LIKE,STABLE,1.25,0.5588138382398594,0.4207338902587236,231.50485956022607,255.0,0.1186750773341874,0.3919813441677785,31,18.1340142828735,-52.08236443803299,NFW-like comparator is favored in the triangular diagnostic margin.,Diagnostic residual-regime map only; not a physical dark-matter classification.
UGC12632,NUISANCE_SENSITIVE,NUISANCE_SENSITIVE_ZONE,PASS_THROUGH_CAUTION,PROXY_SUPPORTED,NUISANCE_SENSITIVE,0.3517300618262979,NUISANCE_SENSITIVE,STABLE,2.0,0.2790514196762241,0.5257935739194929,73.05001711156541,73.2,0.2285957538576277,0.3061159266571158,15,-3.896593420763652,-91.71973413655462,Classification is dominated by nuisance-boundary sensitivity and is not mapped as a physical residual regime.,Diagnostic residual-regime map only; not a physical dark-matter classification.
UGC12732,NUISANCE_SENSITIVE,NUISANCE_SENSITIVE_ZONE,PASS_THROUGH_CAUTION,PROXY_SUPPORTED,NUISANCE_SENSITIVE,1.3329595342798108,NUISANCE_SENSITIVE,STABLE,1.25,0.3909351694997896,0.6794584423461238,93.17963833370464,98.0,0.3056730110039505,0.250601195861304,16,-17.678028655656757,-71.42095534943749,Classification is dominated by nuisance-boundary sensitivity and is not mapped as a physical residual regime.,Diagnostic residual-regime map only; not a physical dark-matter classification.
UGCA442,NUISANCE_SENSITIVE,NUISANCE_SENSITIVE_ZONE,PASS_THROUGH_CAUTION,PROXY_SUPPORTED,NUISANCE_SENSITIVE,1.5771089605639732,NUISANCE_SENSITIVE,STABLE,1.75,0.4057639903245413,0.8824432380503147,56.5,57.8,0.7104378330876915,0.1553056621505208,8,-11.84606598940119,-31.189718502770567,Classification is dominated by nuisance-boundary sensitivity and is not mapped as a physical residual regime.,Diagnostic residual-regime map only; not a physical dark-matter classification.
UGCA444,NUISANCE_SENSITIVE,NUISANCE_SENSITIVE_ZONE,PASS_THROUGH_CAUTION,PROXY_SUPPORTED,NUISANCE_SENSITIVE,1.407205846851154,NUISANCE_SENSITIVE,STABLE,1.25,0.3128539025927373,0.5859906694306868,35.6,38.3,0.895069351032576,0.2152550972099481,36,1.864855447144956,-58.65216688672729,Classification is dominated by nuisance-boundary sensitivity and is not mapped as a physical residual regime.,Diagnostic residual-regime map only; not a physical dark-matter classification.
