galaxy,zone,winner_existing_aic,winner_existing_aic_family,winner_existing_aic_score,winner_existing_aicc,winner_existing_aicc_family,winner_existing_aicc_score,winner_existing_bic,winner_existing_bic_family,winner_existing_bic_score,winner_poly_degree_aic,winner_poly_degree_aic_degree,winner_poly_degree_aic_score,winner_poly_degree_aicc,winner_poly_degree_aicc_degree,winner_poly_degree_aicc_score,winner_poly_degree_bic,winner_poly_degree_bic_degree,winner_poly_degree_bic_score,phase5_winning_comparator,phase5_winning_comparator_family,phase5_overflex_winner
CamB,PATHOLOGY_ARCHIVE_ZONE,OVERFLEX_POLY5_NULL,OVERFLEX_NULL,-21.9105344300797,OVERFLEX_POLY5_NULL,OVERFLEX_NULL,-22.891891520124346,OVERFLEX_POLY5_NULL,OVERFLEX_NULL,-63.70854405610703,POLY5_NULL,5,-315.16216726085815,POLY5_NULL,5,-312.6167127154036,POLY5_NULL,5,-305.0288905361745,OVERFLEX_POLY5_NULL,OVERFLEX_NULL,True
D631-7,RESPONSE_FAMILY_DOMINANT_ZONE,OVERFLEX_POLY5_NULL,OVERFLEX_NULL,-62.2933528785847,OVERFLEX_POLY5_NULL,OVERFLEX_NULL,-129.14873137197708,OVERFLEX_POLY5_NULL,OVERFLEX_NULL,-133.84653237187175,POLY6_NULL,6,-394.30987654406385,POLY6_NULL,6,-390.80987654406385,POLY6_NULL,6,-382.4877203652663,OVERFLEX_POLY5_NULL,OVERFLEX_NULL,True
DDO064,MIXED_THREE_WAY_COMPETITIVE_ZONE,OVERFLEX_POLY5_NULL,OVERFLEX_NULL,-42.47510672125889,EINASTO_LIKE_SURROGATE_DIAGNOSTIC,HALO_OR_CORED_COMPARATOR,-80.96715257289827,OVERFLEX_POLY5_NULL,OVERFLEX_NULL,-87.62874090712735,POLY6_NULL,6,-344.34668390763795,POLY6_NULL,6,-340.84668390763795,POLY6_NULL,6,-332.5245277288404,OVERFLEX_POLY5_NULL,OVERFLEX_NULL,True
DDO154,RESPONSE_FAMILY_DOMINANT_ZONE,OVERFLEX_POLY5_NULL,OVERFLEX_NULL,-38.53976380152537,OVERFLEX_POLY5_NULL,OVERFLEX_NULL,-93.63214049491758,OVERFLEX_POLY5_NULL,OVERFLEX_NULL,-107.52270059618957,POLY6_NULL,6,-420.7031125974899,POLY6_NULL,6,-417.2031125974899,POLY6_NULL,6,-408.88095641869234,OVERFLEX_POLY5_NULL,OVERFLEX_NULL,True
DDO161,RESPONSE_FAMILY_DOMINANT_ZONE,SN_RRF_SATURATING_FAMILY,SN_RRF_FAMILY,-75.47539740654729,SN_RRF_LOCKED_N3_258993,SN_RRF_FAMILY,-250.64832193888557,SN_RRF_LOCKED_N3_258993,SN_RRF_FAMILY,-248.2089189584867,POLY6_NULL,6,-335.5731467078755,POLY6_NULL,6,-332.0731467078755,POLY6_NULL,6,-323.7509905290779,SN_RRF_SATURATING_FAMILY,SN_RRF_FAMILY,False
DDO168,RESPONSE_FAMILY_DOMINANT_ZONE,OVERFLEX_POLY5_NULL,OVERFLEX_NULL,-3.721092733536535,SN_RRF_LOCKED_N3_258993,SN_RRF_FAMILY,-50.84959546230533,OVERFLEX_POLY5_NULL,OVERFLEX_NULL,-58.42969267057818,POLY6_NULL,6,-321.01204469342633,POLY6_NULL,6,-317.51204469342633,POLY6_NULL,6,-309.18988851462876,OVERFLEX_POLY5_NULL,OVERFLEX_NULL,True
DDO170,RESPONSE_FAMILY_WITH_NFW_COMPETITIVE_ZONE,OVERFLEX_POLY5_NULL,OVERFLEX_NULL,-12.43539636963366,CORED_ISOTHERMAL_LIKE_DIAGNOSTIC,HALO_OR_CORED_COMPARATOR,-47.158817930426714,OVERFLEX_POLY5_NULL,OVERFLEX_NULL,-59.8904634964186,POLY6_NULL,6,-360.5588635865231,POLY6_NULL,6,-357.0588635865231,POLY6_NULL,6,-348.73670740772553,OVERFLEX_POLY5_NULL,OVERFLEX_NULL,True
ESO079-G014,RESPONSE_FAMILY_DOMINANT_ZONE,OVERFLEX_POLY5_NULL,OVERFLEX_NULL,-15.917161425109908,OVERFLEX_POLY5_NULL,OVERFLEX_NULL,-93.9893697244049,OVERFLEX_POLY5_NULL,OVERFLEX_NULL,-100.24106851779163,POLY6_NULL,6,-341.3125976883587,POLY6_NULL,6,-337.8125976883587,POLY5_NULL,5,-329.5394880563284,OVERFLEX_POLY5_NULL,OVERFLEX_NULL,True
ESO116-G012,RESPONSE_FAMILY_DOMINANT_ZONE,SN_RRF_LOCKED_N3_258993,SN_RRF_FAMILY,-20.29998557845091,SN_RRF_LOCKED_N3_258993,SN_RRF_FAMILY,-103.91859010200432,SN_RRF_LOCKED_N3_258993,SN_RRF_FAMILY,-103.5024896997999,POLY4_NULL,4,-316.599869963379,POLY4_NULL,4,-314.83516408102605,POLY4_NULL,4,-308.1554726928093,SN_RRF_LOCKED_N3_258993,SN_RRF_FAMILY,False
ESO563-G021,RESPONSE_FAMILY_DOMINANT_ZONE,OVERFLEX_POLY5_NULL,OVERFLEX_NULL,-10.479268004049004,OVERFLEX_POLY5_NULL,OVERFLEX_NULL,-179.67599569865692,OVERFLEX_POLY5_NULL,OVERFLEX_NULL,-174.92098532172747,POLY6_NULL,6,-305.76639215853857,POLY6_NULL,6,-302.26639215853857,POLY6_NULL,6,-293.944235979741,OVERFLEX_POLY5_NULL,OVERFLEX_NULL,True
F563-1,NUISANCE_SENSITIVE_ZONE,SN_RRF_LOCKED_N3_258993,SN_RRF_FAMILY,-20.57149429410031,CORED_ISOTHERMAL_LIKE_DIAGNOSTIC,HALO_OR_CORED_COMPARATOR,-81.35093490790726,CORED_ISOTHERMAL_LIKE_DIAGNOSTIC,HALO_OR_CORED_COMPARATOR,-80.54165107693768,POLY5_NULL,5,-256.92380011023397,POLY5_NULL,5,-254.37834556477944,POLY5_NULL,5,-246.79052338555036,SN_RRF_LOCKED_N3_258993,SN_RRF_FAMILY,False
F563-V2,NUISANCE_SENSITIVE_ZONE,SN_RRF_SATURATING_FAMILY,SN_RRF_FAMILY,-33.597574566790456,SN_RRF_LOCKED_N3_258993,SN_RRF_FAMILY,-73.21556736253017,SN_RRF_LOCKED_N3_258993,SN_RRF_FAMILY,-74.32468289082779,POLY6_NULL,6,-327.7385005347438,POLY6_NULL,6,-324.2385005347438,POLY6_NULL,6,-315.91634435594625,SN_RRF_SATURATING_FAMILY,SN_RRF_FAMILY,False
F568-1,MIXED_THREE_WAY_COMPETITIVE_ZONE,OVERFLEX_POLY5_NULL,OVERFLEX_NULL,-57.77328047083573,OVERFLEX_POLY5_NULL,OVERFLEX_NULL,-95.20637529923404,OVERFLEX_POLY5_NULL,OVERFLEX_NULL,-109.09693540050603,POLY6_NULL,6,-415.40582779347847,POLY6_NULL,6,-411.90582779347847,POLY6_NULL,6,-403.5836716146809,OVERFLEX_POLY5_NULL,OVERFLEX_NULL,True
F568-3,RESPONSE_FAMILY_DOMINANT_ZONE,OVERFLEX_POLY5_NULL,OVERFLEX_NULL,-53.01285853874441,OVERFLEX_POLY5_NULL,OVERFLEX_NULL,-124.54006401286266,OVERFLEX_POLY5_NULL,OVERFLEX_NULL,-126.83419710184931,POLY6_NULL,6,-327.54118095057345,POLY6_NULL,6,-324.04118095057345,POLY6_NULL,6,-315.7190247717759,OVERFLEX_POLY5_NULL,OVERFLEX_NULL,True
F568-V1,MIXED_THREE_WAY_COMPETITIVE_ZONE,OVERFLEX_POLY5_NULL,OVERFLEX_NULL,-48.78880093596625,OVERFLEX_POLY5_NULL,OVERFLEX_NULL,-96.83606212822579,OVERFLEX_POLY5_NULL,OVERFLEX_NULL,-103.08776092161253,POLY6_NULL,6,-329.2075099765951,POLY6_NULL,6,-325.7075099765951,POLY6_NULL,6,-317.3853537977975,OVERFLEX_POLY5_NULL,OVERFLEX_NULL,True
F571-8,RESPONSE_FAMILY_DOMINANT_ZONE,OVERFLEX_POLY5_NULL,OVERFLEX_NULL,-16.853443897120492,BARYONIC_MISMATCH_PROXY,BARYONIC_SYSTEMATICS_PROXY,-80.52915012243001,OVERFLEX_POLY5_NULL,OVERFLEX_NULL,-89.05386391337929,POLY6_NULL,6,-321.92040492039956,POLY6_NULL,6,-318.42040492039956,POLY6_NULL,6,-310.098248741602,OVERFLEX_POLY5_NULL,OVERFLEX_NULL,True
F574-1,RESPONSE_FAMILY_DOMINANT_ZONE,SN_RRF_SATURATING_FAMILY,SN_RRF_FAMILY,-39.08675176241914,SN_RRF_LOCKED_N3_258993,SN_RRF_FAMILY,-106.95882216790557,SN_RRF_LOCKED_N3_258993,SN_RRF_FAMILY,-106.77161659958415,POLY6_NULL,6,-377.96984051936425,POLY6_NULL,6,-374.46984051936425,POLY6_NULL,6,-366.1476843405667,SN_RRF_SATURATING_FAMILY,SN_RRF_FAMILY,False
F579-V1,RESPONSE_FAMILY_WITH_NFW_COMPETITIVE_ZONE,OVERFLEX_POLY5_NULL,OVERFLEX_NULL,-59.930090385864446,OVERFLEX_POLY5_NULL,OVERFLEX_NULL,-96.76721375062604,OVERFLEX_POLY5_NULL,OVERFLEX_NULL,-104.9328697729345,POLY6_NULL,6,-384.2707537892528,POLY6_NULL,6,-380.7707537892528,POLY6_NULL,6,-372.44859761045524,OVERFLEX_POLY5_NULL,OVERFLEX_NULL,True
F583-1,RESPONSE_FAMILY_DOMINANT_ZONE,SN_RRF_SATURATING_FAMILY,SN_RRF_FAMILY,-62.46525171833842,SN_RRF_SATURATING_FAMILY,SN_RRF_FAMILY,-181.82612943196574,SN_RRF_SATURATING_FAMILY,SN_RRF_FAMILY,-178.95062613249294,POLY5_NULL,5,-353.77344183155196,POLY5_NULL,5,-351.2279872860974,POLY5_NULL,5,-343.6401651068683,SN_RRF_SATURATING_FAMILY,SN_RRF_FAMILY,False
F583-4,PATHOLOGY_ARCHIVE_ZONE,NUISANCE_GRADIENT_PROXY,NUISANCE_PROXY,-24.78865383632134,NUISANCE_GRADIENT_PROXY,NUISANCE_PROXY,-78.80712687529548,NUISANCE_GRADIENT_PROXY,NUISANCE_PROXY,-79.1706469090528,POLY5_NULL,5,-338.5372316538953,POLY5_NULL,5,-335.9917771084407,POLY5_NULL,5,-328.40395492921164,NUISANCE_GRADIENT_PROXY,NUISANCE_PROXY,False
IC2574,RESPONSE_FAMILY_DOMINANT_ZONE,OVERFLEX_POLY5_NULL,OVERFLEX_NULL,-54.69945478568136,BURKERT_LIKE_CORED_HALO_DIAGNOSTIC,HALO_OR_CORED_COMPARATOR,-211.37160104802106,BURKERT_LIKE_CORED_HALO_DIAGNOSTIC,HALO_OR_CORED_COMPARATOR,-208.70597677298227,POLY2_NULL,2,-256.4507940083385,POLY2_NULL,2,-255.78412734167185,POLY2_NULL,2,-251.38415564599669,OVERFLEX_POLY5_NULL,OVERFLEX_NULL,True
IC4202,RESPONSE_FAMILY_DOMINANT_ZONE,OVERFLEX_POLY5_NULL,OVERFLEX_NULL,23.291416712036447,OVERFLEX_POLY5_NULL,OVERFLEX_NULL,-161.16491455117983,OVERFLEX_POLY5_NULL,OVERFLEX_NULL,-155.7304991343815,POLY6_NULL,6,-250.42805532973102,POLY6_NULL,6,-246.92805532973102,POLY6_NULL,6,-238.60589915093348,OVERFLEX_POLY5_NULL,OVERFLEX_NULL,True
KK98-251,RESPONSE_FAMILY_DOMINANT_ZONE,OVERFLEX_POLY5_NULL,OVERFLEX_NULL,-25.894196939389303,SN_RRF_LOCKED_N3_258993,SN_RRF_FAMILY,-90.7019897864521,OVERFLEX_POLY5_NULL,OVERFLEX_NULL,-94.45180232934786,POLY6_NULL,6,-293.28598389073346,POLY6_NULL,6,-289.78598389073346,POLY5_NULL,5,-282.02965888151806,OVERFLEX_POLY5_NULL,OVERFLEX_NULL,True
NGC0024,RESPONSE_FAMILY_WITH_NFW_COMPETITIVE_ZONE,OVERFLEX_POLY5_NULL,OVERFLEX_NULL,-57.30935496212577,OVERFLEX_POLY5_NULL,OVERFLEX_NULL,-187.91535626102626,OVERFLEX_POLY5_NULL,OVERFLEX_NULL,-183.52976309928923,POLY4_NULL,4,-320.2575464883342,POLY4_NULL,4,-318.49284060598126,POLY4_NULL,4,-311.8131492177645,OVERFLEX_POLY5_NULL,OVERFLEX_NULL,True
NGC0055,RESPONSE_FAMILY_DOMINANT_ZONE,OVERFLEX_POLY5_NULL,OVERFLEX_NULL,-48.99828037242455,SN_RRF_LOCKED_N3_258993,SN_RRF_FAMILY,-154.99043463739503,SN_RRF_LOCKED_N3_258993,SN_RRF_FAMILY,-153.56805642861482,POLY6_NULL,6,-338.695614556605,POLY6_NULL,6,-335.195614556605,POLY6_NULL,6,-326.8734583778074,OVERFLEX_POLY5_NULL,OVERFLEX_NULL,True
NGC0100,RESPONSE_FAMILY_DOMINANT_ZONE,OVERFLEX_POLY5_NULL,OVERFLEX_NULL,-56.10758945620216,OVERFLEX_POLY5_NULL,OVERFLEX_NULL,-151.76656694122366,OVERFLEX_POLY5_NULL,OVERFLEX_NULL,-151.4994323148831,POLY6_NULL,6,-338.38058852491565,POLY6_NULL,6,-334.88058852491565,POLY6_NULL,6,-326.5584323461181,OVERFLEX_POLY5_NULL,OVERFLEX_NULL,True
NGC0247,NUISANCE_SENSITIVE_ZONE,OVERFLEX_POLY5_NULL,OVERFLEX_NULL,-89.74579944129135,OVERFLEX_POLY5_NULL,OVERFLEX_NULL,-221.26462008120237,OVERFLEX_POLY5_NULL,OVERFLEX_NULL,-218.13709348465244,POLY5_NULL,5,-338.0895823451774,POLY5_NULL,5,-335.54412779972284,POLY5_NULL,5,-327.95630562049377,OVERFLEX_POLY5_NULL,OVERFLEX_NULL,True
NGC0289,RESPONSE_FAMILY_WITH_NFW_COMPETITIVE_ZONE,OVERFLEX_POLY5_NULL,OVERFLEX_NULL,9.046248459382982,OVERFLEX_POLY5_NULL,OVERFLEX_NULL,-96.78831745744613,BARYONIC_MISMATCH_PROXY,BARYONIC_SYSTEMATICS_PROXY,-93.46597386493032,POLY5_NULL,5,-194.1427281574204,POLY5_NULL,5,-191.59727361196587,POLY5_NULL,5,-184.0094514327368,OVERFLEX_POLY5_NULL,OVERFLEX_NULL,True
NGC0300,RESPONSE_FAMILY_DOMINANT_ZONE,OVERFLEX_POLY5_NULL,OVERFLEX_NULL,-29.77611305178681,CORED_ISOTHERMAL_LIKE_DIAGNOSTIC,HALO_OR_CORED_COMPARATOR,-144.57469392451978,CORED_ISOTHERMAL_LIKE_DIAGNOSTIC,HALO_OR_CORED_COMPARATOR,-142.6823968202379,POLY6_NULL,6,-252.45762461723473,POLY6_NULL,6,-248.95762461723473,POLY6_NULL,6,-240.6354684384372,OVERFLEX_POLY5_NULL,OVERFLEX_NULL,True
NGC0801,PATHOLOGY_ARCHIVE_ZONE,NUISANCE_GRADIENT_PROXY,NUISANCE_PROXY,7.86392273452069,NUISANCE_GRADIENT_PROXY,NUISANCE_PROXY,-68.73868357536901,NUISANCE_GRADIENT_PROXY,NUISANCE_PROXY,-68.80878486044594,POLY6_NULL,6,-376.9937245456771,POLY6_NULL,6,-373.4937245456771,POLY6_NULL,6,-365.1715683668795,NUISANCE_GRADIENT_PROXY,NUISANCE_PROXY,False
NGC0891,RESPONSE_FAMILY_DOMINANT_ZONE,OVERFLEX_POLY5_NULL,OVERFLEX_NULL,18.970164216064447,OVERFLEX_POLY5_NULL,OVERFLEX_NULL,-78.3784515918922,OVERFLEX_POLY5_NULL,OVERFLEX_NULL,-80.67258468087886,POLY6_NULL,6,-215.70942786459574,POLY6_NULL,6,-212.20942786459574,POLY6_NULL,6,-203.8872716857982,OVERFLEX_POLY5_NULL,OVERFLEX_NULL,True
NGC1003,RESPONSE_FAMILY_DOMINANT_ZONE,OVERFLEX_POLY5_NULL,OVERFLEX_NULL,4.23044501458769,OVERFLEX_POLY5_NULL,OVERFLEX_NULL,-205.79348660618334,CORED_ISOTHERMAL_LIKE_DIAGNOSTIC,HALO_OR_CORED_COMPARATOR,-199.43446206644228,POLY6_NULL,6,-241.58222684051682,POLY6_NULL,6,-238.08222684051682,POLY6_NULL,6,-229.76007066171928,OVERFLEX_POLY5_NULL,OVERFLEX_NULL,True
NGC1090,HALO_COMPARATOR_DOMINANT_ZONE,NUISANCE_GRADIENT_PROXY,NUISANCE_PROXY,-1.3480837942378985,NUISANCE_GRADIENT_PROXY,NUISANCE_PROXY,-139.59546660360303,NUISANCE_GRADIENT_PROXY,NUISANCE_PROXY,-137.81078751433571,POLY6_NULL,6,-261.1826748540909,POLY6_NULL,6,-257.6826748540909,POLY5_NULL,5,-249.53043398281804,NUISANCE_GRADIENT_PROXY,NUISANCE_PROXY,False
NGC1705,NUISANCE_SENSITIVE_ZONE,OVERFLEX_POLY5_NULL,OVERFLEX_NULL,-37.73274607539049,NFW_LIKE_DIAGNOSTIC,HALO_OR_CORED_COMPARATOR,-87.11017917374161,NFW_LIKE_DIAGNOSTIC,HALO_OR_CORED_COMPARATOR,-86.9229736054202,POLY6_NULL,6,-327.9779020364294,POLY6_NULL,6,-324.4779020364294,POLY6_NULL,6,-316.1557458576318,OVERFLEX_POLY5_NULL,OVERFLEX_NULL,True
NGC2366,RESPONSE_FAMILY_DOMINANT_ZONE,OVERFLEX_POLY5_NULL,OVERFLEX_NULL,-45.87159854268536,OVERFLEX_POLY5_NULL,OVERFLEX_NULL,-176.49016877990584,OVERFLEX_POLY5_NULL,OVERFLEX_NULL,-173.36264218335592,POLY6_NULL,6,-294.79533434819785,POLY6_NULL,6,-291.29533434819785,POLY4_NULL,4,-284.078732352133,OVERFLEX_POLY5_NULL,OVERFLEX_NULL,True
NGC2403,RESPONSE_FAMILY_DOMINANT_ZONE,OVERFLEX_POLY5_NULL,OVERFLEX_NULL,-37.66870096893659,OVERFLEX_POLY5_NULL,OVERFLEX_NULL,-464.6315236479999,OVERFLEX_POLY5_NULL,OVERFLEX_NULL,-452.1614942738368,POLY6_NULL,6,-300.8406303623102,POLY6_NULL,6,-297.3406303623102,POLY6_NULL,6,-289.01847418351264,OVERFLEX_POLY5_NULL,OVERFLEX_NULL,True
NGC2683,RESPONSE_FAMILY_WITH_NFW_COMPETITIVE_ZONE,OVERFLEX_POLY5_NULL,OVERFLEX_NULL,6.836541053333514,NUISANCE_GRADIENT_PROXY,NUISANCE_PROXY,-43.52820788741207,OVERFLEX_POLY5_NULL,OVERFLEX_NULL,-47.676656532465245,POLY5_NULL,5,-193.43349229806407,POLY5_NULL,5,-190.88803775260953,POLY5_NULL,5,-183.30021557338046,OVERFLEX_POLY5_NULL,OVERFLEX_NULL,True
NGC2841,RESPONSE_FAMILY_WITH_NFW_COMPETITIVE_ZONE,OVERFLEX_POLY5_NULL,OVERFLEX_NULL,-76.32763886789027,OVERFLEX_POLY5_NULL,OVERFLEX_NULL,-349.53438473312355,OVERFLEX_POLY5_NULL,OVERFLEX_NULL,-340.0157350726477,POLY6_NULL,6,-270.70493820421666,POLY6_NULL,6,-267.20493820421666,POLY3_NULL,3,-259.7872366013688,OVERFLEX_POLY5_NULL,OVERFLEX_NULL,True
NGC2903,HALO_COMPARATOR_DOMINANT_ZONE,BARYONIC_MISMATCH_PROXY,BARYONIC_SYSTEMATICS_PROXY,61.2751592613153,BARYONIC_MISMATCH_PROXY,BARYONIC_SYSTEMATICS_PROXY,-140.24027935580318,BARYONIC_MISMATCH_PROXY,BARYONIC_SYSTEMATICS_PROXY,-137.5746550807644,POLY6_NULL,6,-200.36602456290694,POLY6_NULL,6,-196.86602456290694,POLY6_NULL,6,-188.5438683841094,BARYONIC_MISMATCH_PROXY,BARYONIC_SYSTEMATICS_PROXY,False
NGC2915,RESPONSE_FAMILY_DOMINANT_ZONE,OVERFLEX_POLY5_NULL,OVERFLEX_NULL,-51.10356768866185,OVERFLEX_POLY5_NULL,OVERFLEX_NULL,-155.25683493274755,OVERFLEX_POLY5_NULL,OVERFLEX_NULL,-150.50182455581808,POLY6_NULL,6,-237.0700817634115,POLY6_NULL,6,-233.5700817634115,POLY6_NULL,6,-225.24792558461397,OVERFLEX_POLY5_NULL,OVERFLEX_NULL,True
NGC2955,RESPONSE_FAMILY_WITH_NFW_COMPETITIVE_ZONE,OVERFLEX_POLY5_NULL,OVERFLEX_NULL,13.260003164666784,OVERFLEX_POLY5_NULL,OVERFLEX_NULL,-118.47138809821891,OVERFLEX_POLY5_NULL,OVERFLEX_NULL,-116.34424158671946,POLY5_NULL,5,-238.22945449475256,POLY5_NULL,5,-235.68399994929803,POLY5_NULL,5,-228.09617777006895,OVERFLEX_POLY5_NULL,OVERFLEX_NULL,True
NGC2976,RESPONSE_FAMILY_DOMINANT_ZONE,OVERFLEX_POLY5_NULL,OVERFLEX_NULL,-37.91087824668708,OVERFLEX_POLY5_NULL,OVERFLEX_NULL,-177.62213296285307,OVERFLEX_POLY5_NULL,OVERFLEX_NULL,-174.04711176682707,POLY6_NULL,6,-299.9145132890925,POLY6_NULL,6,-296.4145132890925,POLY6_NULL,6,-288.0923571102949,OVERFLEX_POLY5_NULL,OVERFLEX_NULL,True
NGC2998,RESPONSE_FAMILY_DOMINANT_ZONE,OVERFLEX_POLY5_NULL,OVERFLEX_NULL,-6.369475218059232,EINASTO_LIKE_SURROGATE_DIAGNOSTIC,HALO_OR_CORED_COMPARATOR,-55.41158762674301,OVERFLEX_POLY5_NULL,OVERFLEX_NULL,-62.99497148557592,POLY5_NULL,5,-316.36855301600895,POLY5_NULL,5,-313.8230984705544,POLY5_NULL,5,-306.2352762913253,OVERFLEX_POLY5_NULL,OVERFLEX_NULL,True
NGC3109,NUISANCE_SENSITIVE_ZONE,OVERFLEX_POLY5_NULL,OVERFLEX_NULL,-74.49007371167858,EINASTO_LIKE_SURROGATE_DIAGNOSTIC,HALO_OR_CORED_COMPARATOR,-197.8106386806257,EINASTO_LIKE_SURROGATE_DIAGNOSTIC,HALO_OR_CORED_COMPARATOR,-195.9183415763438,POLY5_NULL,5,-353.5160651499249,POLY5_NULL,5,-350.9706106044703,POLY5_NULL,5,-343.38278842524124,OVERFLEX_POLY5_NULL,OVERFLEX_NULL,True
NGC3198,RESPONSE_FAMILY_DOMINANT_ZONE,OVERFLEX_POLY5_NULL,OVERFLEX_NULL,-9.777907338046802,OVERFLEX_POLY5_NULL,OVERFLEX_NULL,-258.54613591453176,OVERFLEX_POLY5_NULL,OVERFLEX_NULL,-250.3122685537037,POLY6_NULL,6,-301.6106647314396,POLY6_NULL,6,-298.1106647314396,POLY6_NULL,6,-289.78850855264204,OVERFLEX_POLY5_NULL,OVERFLEX_NULL,True
NGC3521,RESPONSE_FAMILY_DOMINANT_ZONE,OVERFLEX_POLY5_NULL,OVERFLEX_NULL,-62.371975725246216,BARYONIC_MISMATCH_PROXY,BARYONIC_SYSTEMATICS_PROXY,-252.83576358708228,BARYONIC_MISMATCH_PROXY,BARYONIC_SYSTEMATICS_PROXY,-249.7244089273579,POLY6_NULL,6,-284.87649217059334,POLY6_NULL,6,-281.37649217059334,POLY6_NULL,6,-273.05433599179577,OVERFLEX_POLY5_NULL,OVERFLEX_NULL,True
NGC3726,RESPONSE_FAMILY_WITH_NFW_COMPETITIVE_ZONE,OVERFLEX_POLY5_NULL,OVERFLEX_NULL,4.112527835780481,NUISANCE_GRADIENT_PROXY,NUISANCE_PROXY,-57.41930760113015,NUISANCE_GRADIENT_PROXY,NUISANCE_PROXY,-57.78282763488748,POLY6_NULL,6,-276.92464470498743,POLY6_NULL,6,-273.42464470498743,POLY6_NULL,6,-265.10248852618986,OVERFLEX_POLY5_NULL,OVERFLEX_NULL,True
NGC3741,NUISANCE_SENSITIVE_ZONE,OVERFLEX_POLY5_NULL,OVERFLEX_NULL,-25.9866711505718,EINASTO_LIKE_SURROGATE_DIAGNOSTIC,HALO_OR_CORED_COMPARATOR,-143.3798915644473,EINASTO_LIKE_SURROGATE_DIAGNOSTIC,HALO_OR_CORED_COMPARATOR,-141.9575133556671,POLY3_NULL,3,-301.07589998383304,POLY3_NULL,3,-299.9330428409759,POLY3_NULL,3,-294.3203821673773,OVERFLEX_POLY5_NULL,OVERFLEX_NULL,True
NGC3769,MIXED_THREE_WAY_COMPETITIVE_ZONE,BARYONIC_MISMATCH_PROXY,BARYONIC_SYSTEMATICS_PROXY,-6.850288843088439,BARYONIC_MISMATCH_PROXY,BARYONIC_SYSTEMATICS_PROXY,-52.020653181621675,BARYONIC_MISMATCH_PROXY,BARYONIC_SYSTEMATICS_PROXY,-52.38417321537901,POLY4_NULL,4,-228.87879066898302,POLY4_NULL,4,-227.1140847866301,POLY4_NULL,4,-220.43439339841333,BARYONIC_MISMATCH_PROXY,BARYONIC_SYSTEMATICS_PROXY,False
NGC3877,PATHOLOGY_ARCHIVE_ZONE,OVERFLEX_POLY5_NULL,OVERFLEX_NULL,-2.641664463861641,OVERFLEX_POLY5_NULL,OVERFLEX_NULL,-62.00855687867033,OVERFLEX_POLY5_NULL,OVERFLEX_NULL,-72.61886073390112,POLY6_NULL,6,-308.00531631407466,POLY6_NULL,6,-304.50531631407466,POLY6_NULL,6,-296.1831601352771,OVERFLEX_POLY5_NULL,OVERFLEX_NULL,True
NGC3893,MIXED_THREE_WAY_COMPETITIVE_ZONE,OVERFLEX_POLY5_NULL,OVERFLEX_NULL,-23.08682790942144,OVERFLEX_POLY5_NULL,OVERFLEX_NULL,-48.98437605415336,OVERFLEX_POLY5_NULL,OVERFLEX_NULL,-75.16886549618908,POLY6_NULL,6,-356.9684409859452,POLY6_NULL,6,-353.4684409859452,POLY6_NULL,6,-345.14628480714765,OVERFLEX_POLY5_NULL,OVERFLEX_NULL,True
NGC3917,RESPONSE_FAMILY_DOMINANT_ZONE,OVERFLEX_POLY5_NULL,OVERFLEX_NULL,-10.015242901422749,NUISANCE_GRADIENT_PROXY,NUISANCE_PROXY,-103.11230777183535,OVERFLEX_POLY5_NULL,OVERFLEX_NULL,-106.38224403385145,POLY4_NULL,4,-292.1985908254965,POLY4_NULL,4,-290.4338849431436,POLY4_NULL,4,-283.7541935549268,OVERFLEX_POLY5_NULL,OVERFLEX_NULL,True
NGC3953,RESPONSE_FAMILY_WITH_NFW_COMPETITIVE_ZONE,OVERFLEX_POLY5_NULL,OVERFLEX_NULL,-18.245500820279773,BARYONIC_MISMATCH_PROXY,BARYONIC_SYSTEMATICS_PROXY,-46.57280706527025,OVERFLEX_POLY5_NULL,OVERFLEX_NULL,-64.92265235108201,POLY6_NULL,6,-364.686708998635,POLY6_NULL,6,-361.186708998635,POLY6_NULL,6,-352.86455281983746,OVERFLEX_POLY5_NULL,OVERFLEX_NULL,True
NGC3972,MIXED_THREE_WAY_COMPETITIVE_ZONE,OVERFLEX_POLY5_NULL,OVERFLEX_NULL,-10.01902753116196,NUISANCE_GRADIENT_PROXY,NUISANCE_PROXY,-53.00696830511608,OVERFLEX_POLY5_NULL,OVERFLEX_NULL,-65.22558894798621,POLY6_NULL,6,-331.0565055507252,POLY6_NULL,6,-327.5565055507252,POLY6_NULL,6,-319.23434937192764,OVERFLEX_POLY5_NULL,OVERFLEX_NULL,True
NGC3992,RESPONSE_FAMILY_WITH_NFW_COMPETITIVE_ZONE,OVERFLEX_POLY5_NULL,OVERFLEX_NULL,-7.145997398438901,NUISANCE_GRADIENT_PROXY,NUISANCE_PROXY,-55.53939868016797,OVERFLEX_POLY5_NULL,OVERFLEX_NULL,-59.885584109584954,POLY6_NULL,6,-312.2420720552634,POLY6_NULL,6,-308.7420720552634,POLY6_NULL,6,-300.41991587646584,OVERFLEX_POLY5_NULL,OVERFLEX_NULL,True
NGC4010,UNRESOLVED_TRIANGULAR_ZONE,OVERFLEX_POLY5_NULL,OVERFLEX_NULL,-21.473672527756648,OVERFLEX_POLY5_NULL,OVERFLEX_NULL,-70.38903317735067,OVERFLEX_POLY5_NULL,OVERFLEX_NULL,-84.27959327862266,POLY5_NULL,5,-332.4456356886682,POLY5_NULL,5,-329.9001811432136,POLY5_NULL,5,-322.31235896398454,OVERFLEX_POLY5_NULL,OVERFLEX_NULL,True
NGC4013,RESPONSE_FAMILY_DOMINANT_ZONE,OVERFLEX_POLY5_NULL,OVERFLEX_NULL,-9.61486468025102,OVERFLEX_POLY5_NULL,OVERFLEX_NULL,-211.81081984471533,OVERFLEX_POLY5_NULL,OVERFLEX_NULL,-205.2062579381166,POLY6_NULL,6,-213.978319989209,POLY6_NULL,6,-210.478319989209,POLY6_NULL,6,-202.15616381041147,OVERFLEX_POLY5_NULL,OVERFLEX_NULL,True
NGC4088,MIXED_THREE_WAY_COMPETITIVE_ZONE,BARYONIC_MISMATCH_PROXY,BARYONIC_SYSTEMATICS_PROXY,10.387037880296244,BARYONIC_MISMATCH_PROXY,BARYONIC_SYSTEMATICS_PROXY,-49.30675830645264,BARYONIC_MISMATCH_PROXY,BARYONIC_SYSTEMATICS_PROXY,-49.670278340209975,POLY6_NULL,6,-211.19288508915844,POLY6_NULL,6,-207.69288508915844,POLY6_NULL,6,-199.3707289103609,BARYONIC_MISMATCH_PROXY,BARYONIC_SYSTEMATICS_PROXY,False
NGC4100,HALO_COMPARATOR_DOMINANT_ZONE,SN_RRF_SATURATING_FAMILY,SN_RRF_FAMILY,12.376799760595889,SN_RRF_SATURATING_FAMILY,SN_RRF_FAMILY,-122.15789094442457,SN_RRF_SATURATING_FAMILY,SN_RRF_FAMILY,-119.55093878092752,POLY6_NULL,6,-195.63883710789847,POLY6_NULL,6,-192.13883710789847,POLY6_NULL,6,-183.81668092910093,SN_RRF_SATURATING_FAMILY,SN_RRF_FAMILY,False
NGC4157,NUISANCE_SENSITIVE_ZONE,OVERFLEX_POLY5_NULL,OVERFLEX_NULL,-8.00661874961105,OVERFLEX_POLY5_NULL,OVERFLEX_NULL,-88.43404288807997,OVERFLEX_POLY5_NULL,OVERFLEX_NULL,-91.83476282374268,POLY6_NULL,6,-251.1704698238832,POLY4_NULL,4,-249.36290276942282,POLY4_NULL,4,-242.68321138120606,OVERFLEX_POLY5_NULL,OVERFLEX_NULL,True
NGC4183,RESPONSE_FAMILY_WITH_NFW_COMPETITIVE_ZONE,OVERFLEX_POLY5_NULL,OVERFLEX_NULL,-57.23774653728627,OVERFLEX_POLY5_NULL,OVERFLEX_NULL,-166.04182318709783,OVERFLEX_POLY5_NULL,OVERFLEX_NULL,-164.47885789152292,POLY6_NULL,6,-328.1901147779881,POLY6_NULL,6,-324.6901147779881,POLY6_NULL,6,-316.3679585991905,OVERFLEX_POLY5_NULL,OVERFLEX_NULL,True
NGC4214,RESPONSE_FAMILY_DOMINANT_ZONE,OVERFLEX_POLY5_NULL,OVERFLEX_NULL,-44.075283784760245,OVERFLEX_POLY5_NULL,OVERFLEX_NULL,-93.4866964058186,OVERFLEX_POLY5_NULL,OVERFLEX_NULL,-101.65235242812706,POLY6_NULL,6,-346.20424053350206,POLY6_NULL,6,-342.70424053350206,POLY5_NULL,5,-334.8280161329289,OVERFLEX_POLY5_NULL,OVERFLEX_NULL,True
NGC4217,PATHOLOGY_ARCHIVE_ZONE,OVERFLEX_POLY5_NULL,OVERFLEX_NULL,2.3991330267071937,OVERFLEX_POLY5_NULL,OVERFLEX_NULL,-96.46617557439154,OVERFLEX_POLY5_NULL,OVERFLEX_NULL,-97.7995416993929,POLY6_NULL,6,-234.73310349325396,POLY6_NULL,6,-231.23310349325396,POLY6_NULL,6,-222.91094731445642,OVERFLEX_POLY5_NULL,OVERFLEX_NULL,True
NGC4559,RESPONSE_FAMILY_DOMINANT_ZONE,OVERFLEX_POLY5_NULL,OVERFLEX_NULL,-84.10964990479015,OVERFLEX_POLY5_NULL,OVERFLEX_NULL,-247.54177008019235,OVERFLEX_POLY5_NULL,OVERFLEX_NULL,-242.107354663394,POLY6_NULL,6,-331.7773629230317,POLY6_NULL,6,-328.2773629230317,POLY6_NULL,6,-319.95520674423415,OVERFLEX_POLY5_NULL,OVERFLEX_NULL,True
NGC5005,MIXED_THREE_WAY_COMPETITIVE_ZONE,OVERFLEX_POLY5_NULL,OVERFLEX_NULL,-29.448662150483173,OVERFLEX_POLY5_NULL,OVERFLEX_NULL,-84.4052159400615,OVERFLEX_POLY5_NULL,OVERFLEX_NULL,-86.69934902904815,POLY6_NULL,6,-292.26837984390136,POLY6_NULL,6,-288.76837984390136,POLY6_NULL,6,-280.4462236651038,OVERFLEX_POLY5_NULL,OVERFLEX_NULL,True
NGC5033,HALO_COMPARATOR_DOMINANT_ZONE,OVERFLEX_POLY5_NULL,OVERFLEX_NULL,1.7658070134657695,OVERFLEX_POLY5_NULL,OVERFLEX_NULL,-97.39428377111304,OVERFLEX_POLY5_NULL,OVERFLEX_NULL,-96.44802905096313,POLY6_NULL,6,-271.71621310546004,POLY6_NULL,6,-268.21621310546004,POLY6_NULL,6,-259.8940569266625,OVERFLEX_POLY5_NULL,OVERFLEX_NULL,True
NGC5055,RESPONSE_FAMILY_DOMINANT_ZONE,OVERFLEX_POLY5_NULL,OVERFLEX_NULL,0.0191950275353463,OVERFLEX_POLY5_NULL,OVERFLEX_NULL,-148.68735249819392,OVERFLEX_POLY5_NULL,OVERFLEX_NULL,-144.6941254371427,POLY6_NULL,6,-314.31321005436234,POLY6_NULL,6,-310.81321005436234,POLY6_NULL,6,-302.4910538755648,OVERFLEX_POLY5_NULL,OVERFLEX_NULL,True
NGC5371,PATHOLOGY_ARCHIVE_ZONE,OVERFLEX_POLY5_NULL,OVERFLEX_NULL,-4.156743890091384,OVERFLEX_POLY5_NULL,OVERFLEX_NULL,-110.63188457213047,OVERFLEX_POLY5_NULL,OVERFLEX_NULL,-111.96525069713184,POLY6_NULL,6,-266.24160402182656,POLY6_NULL,6,-262.74160402182656,POLY6_NULL,6,-254.41944784302902,OVERFLEX_POLY5_NULL,OVERFLEX_NULL,True
NGC5585,RESPONSE_FAMILY_DOMINANT_ZONE,OVERFLEX_POLY5_NULL,OVERFLEX_NULL,-23.72929017594645,OVERFLEX_POLY5_NULL,OVERFLEX_NULL,-155.91302240412134,OVERFLEX_POLY5_NULL,OVERFLEX_NULL,-153.7858758926219,POLY6_NULL,6,-304.3828672467964,POLY6_NULL,6,-300.8828672467964,POLY6_NULL,6,-292.56071106799885,OVERFLEX_POLY5_NULL,OVERFLEX_NULL,True
NGC5907,RESPONSE_FAMILY_WITH_NFW_COMPETITIVE_ZONE,OVERFLEX_POLY5_NULL,OVERFLEX_NULL,-18.97569928338386,OVERFLEX_POLY5_NULL,OVERFLEX_NULL,-125.2189946956079,OVERFLEX_POLY5_NULL,OVERFLEX_NULL,-126.55236082060927,POLY6_NULL,6,-288.861982369002,POLY6_NULL,6,-285.361982369002,POLY6_NULL,6,-277.03982619020445,OVERFLEX_POLY5_NULL,OVERFLEX_NULL,True
NGC5985,RESPONSE_FAMILY_DOMINANT_ZONE,OVERFLEX_POLY5_NULL,OVERFLEX_NULL,-48.66092851491235,OVERFLEX_POLY5_NULL,OVERFLEX_NULL,-238.40970033826744,OVERFLEX_POLY5_NULL,OVERFLEX_NULL,-232.66142420023778,POLY6_NULL,6,-294.47346832035896,POLY6_NULL,6,-290.97346832035896,POLY6_NULL,6,-282.6513121415614,OVERFLEX_POLY5_NULL,OVERFLEX_NULL,True
NGC6015,RESPONSE_FAMILY_DOMINANT_ZONE,OVERFLEX_POLY5_NULL,OVERFLEX_NULL,-6.1185973112274965,OVERFLEX_POLY5_NULL,OVERFLEX_NULL,-261.935729516115,OVERFLEX_POLY5_NULL,OVERFLEX_NULL,-253.50086198287568,POLY6_NULL,6,-261.74459189879695,POLY6_NULL,6,-258.24459189879695,POLY6_NULL,6,-249.9224357199994,OVERFLEX_POLY5_NULL,OVERFLEX_NULL,True
NGC6195,RESPONSE_FAMILY_DOMINANT_ZONE,OVERFLEX_POLY5_NULL,OVERFLEX_NULL,9.31868662677406,OVERFLEX_POLY5_NULL,OVERFLEX_NULL,-115.91152882311468,OVERFLEX_POLY5_NULL,OVERFLEX_NULL,-114.34856352753978,POLY6_NULL,6,-254.79550225787955,POLY6_NULL,6,-251.29550225787955,POLY3_NULL,3,-243.04162573679875,OVERFLEX_POLY5_NULL,OVERFLEX_NULL,True
NGC6503,RESPONSE_FAMILY_DOMINANT_ZONE,OVERFLEX_POLY5_NULL,OVERFLEX_NULL,38.19497499925912,BARYONIC_MISMATCH_PROXY,BARYONIC_SYSTEMATICS_PROXY,-140.08599840087436,BARYONIC_MISMATCH_PROXY,BARYONIC_SYSTEMATICS_PROXY,-137.64659542047548,POLY6_NULL,6,-200.3609438210748,POLY6_NULL,6,-196.8609438210748,POLY6_NULL,6,-188.53878764227727,OVERFLEX_POLY5_NULL,OVERFLEX_NULL,True
NGC6674,PATHOLOGY_ARCHIVE_ZONE,OVERFLEX_POLY5_NULL,OVERFLEX_NULL,-23.49398152587713,EINASTO_LIKE_SURROGATE_DIAGNOSTIC,HALO_OR_CORED_COMPARATOR,-80.67456612657851,EINASTO_LIKE_SURROGATE_DIAGNOSTIC,HALO_OR_CORED_COMPARATOR,-80.25846572437409,POLY6_NULL,6,-290.13515273329233,POLY6_NULL,6,-286.63515273329233,POLY6_NULL,6,-278.31299655449476,OVERFLEX_POLY5_NULL,OVERFLEX_NULL,True
NGC6946,RESPONSE_FAMILY_WITH_NFW_COMPETITIVE_ZONE,OVERFLEX_POLY5_NULL,OVERFLEX_NULL,22.02803119554448,OVERFLEX_POLY5_NULL,OVERFLEX_NULL,-286.7530417569449,OVERFLEX_POLY5_NULL,OVERFLEX_NULL,-276.0374425171958,POLY6_NULL,6,-255.24309184878427,POLY4_NULL,4,-252.14939837906246,POLY4_NULL,4,-245.4697069908457,OVERFLEX_POLY5_NULL,OVERFLEX_NULL,True
NGC7331,NUISANCE_SENSITIVE_ZONE,OVERFLEX_POLY5_NULL,OVERFLEX_NULL,6.152531133664323,OVERFLEX_POLY5_NULL,OVERFLEX_NULL,-174.51347712740545,OVERFLEX_POLY5_NULL,OVERFLEX_NULL,-167.90891522080673,POLY6_NULL,6,-253.25861566243452,POLY6_NULL,6,-249.75861566243452,POLY6_NULL,6,-241.43645948363698,OVERFLEX_POLY5_NULL,OVERFLEX_NULL,True
NGC7793,RESPONSE_FAMILY_DOMINANT_ZONE,OVERFLEX_POLY5_NULL,OVERFLEX_NULL,-86.48363651008474,OVERFLEX_POLY5_NULL,OVERFLEX_NULL,-293.8252471907768,OVERFLEX_POLY5_NULL,OVERFLEX_NULL,-285.00724496568836,POLY6_NULL,6,-270.0033375253383,POLY6_NULL,6,-266.5033375253383,POLY6_NULL,6,-258.1811813465407,OVERFLEX_POLY5_NULL,OVERFLEX_NULL,True
NGC7814,NUISANCE_SENSITIVE_ZONE,OVERFLEX_POLY5_NULL,OVERFLEX_NULL,-61.03861775324559,OVERFLEX_POLY5_NULL,OVERFLEX_NULL,-153.6343154182379,OVERFLEX_POLY5_NULL,OVERFLEX_NULL,-155.92844850722452,POLY5_NULL,5,-359.88735407096743,POLY5_NULL,5,-357.3418995255129,POLY5_NULL,5,-349.7540773462838,OVERFLEX_POLY5_NULL,OVERFLEX_NULL,True
UGC00128,NUISANCE_SENSITIVE_ZONE,SN_RRF_SATURATING_FAMILY,SN_RRF_FAMILY,-13.405521666279082,CORED_ISOTHERMAL_LIKE_DIAGNOSTIC,HALO_OR_CORED_COMPARATOR,-141.85097699333178,CORED_ISOTHERMAL_LIKE_DIAGNOSTIC,HALO_OR_CORED_COMPARATOR,-140.30047103398357,POLY6_NULL,6,-301.77279289105746,POLY6_NULL,6,-298.27279289105746,POLY6_NULL,6,-289.9506367122599,SN_RRF_SATURATING_FAMILY,SN_RRF_FAMILY,False
UGC00191,RESPONSE_FAMILY_WITH_NFW_COMPETITIVE_ZONE,OVERFLEX_POLY5_NULL,OVERFLEX_NULL,-10.778513792399274,SN_RRF_LOCKED_N3_258993,SN_RRF_FAMILY,-46.94747036123,OVERFLEX_POLY5_NULL,OVERFLEX_NULL,-63.21709031633577,POLY6_NULL,6,-299.3301898222465,POLY6_NULL,6,-295.8301898222465,POLY6_NULL,6,-287.5080336434489,OVERFLEX_POLY5_NULL,OVERFLEX_NULL,True
UGC00731,NUISANCE_SENSITIVE_ZONE,OVERFLEX_POLY5_NULL,OVERFLEX_NULL,-39.57958966604527,OVERFLEX_POLY5_NULL,OVERFLEX_NULL,-90.87284659776658,OVERFLEX_POLY5_NULL,OVERFLEX_NULL,-104.76340669903857,POLY5_NULL,5,-371.93987446045526,POLY5_NULL,5,-369.3944199150007,POLY4_NULL,4,-361.8889139946815,OVERFLEX_POLY5_NULL,OVERFLEX_NULL,True
UGC01230,RESPONSE_FAMILY_WITH_NFW_COMPETITIVE_ZONE,SN_RRF_SATURATING_FAMILY,SN_RRF_FAMILY,-20.014082539223185,EINASTO_LIKE_SURROGATE_DIAGNOSTIC,HALO_OR_CORED_COMPARATOR,-58.645823750939044,EINASTO_LIKE_SURROGATE_DIAGNOSTIC,HALO_OR_CORED_COMPARATOR,-59.3500332053423,POLY6_NULL,6,-257.3309997653034,POLY6_NULL,6,-253.83099976530337,POLY6_NULL,6,-245.50884358650583,SN_RRF_SATURATING_FAMILY,SN_RRF_FAMILY,False
UGC01281,UNRESOLVED_TRIANGULAR_ZONE,OVERFLEX_POLY5_NULL,OVERFLEX_NULL,-111.55112058195505,OVERFLEX_POLY5_NULL,OVERFLEX_NULL,-214.2230997297577,OVERFLEX_POLY5_NULL,OVERFLEX_NULL,-211.57651144721515,POLY6_NULL,6,-358.76166847432876,POLY6_NULL,6,-355.26166847432876,POLY6_NULL,6,-346.9395122955312,OVERFLEX_POLY5_NULL,OVERFLEX_NULL,True
UGC02259,NUISANCE_SENSITIVE_ZONE,OVERFLEX_POLY5_NULL,OVERFLEX_NULL,-13.902067175786328,CORED_ISOTHERMAL_LIKE_DIAGNOSTIC,HALO_OR_CORED_COMPARATOR,-46.165565868536305,OVERFLEX_POLY5_NULL,OVERFLEX_NULL,-61.22669244116103,POLY6_NULL,6,-406.17860220363383,POLY6_NULL,6,-402.67860220363383,POLY6_NULL,6,-394.35644602483626,OVERFLEX_POLY5_NULL,OVERFLEX_NULL,True
UGC02455,PATHOLOGY_ARCHIVE_ZONE,BARYONIC_MISMATCH_PROXY,BARYONIC_SYSTEMATICS_PROXY,-1.3988276667991215,BARYONIC_MISMATCH_PROXY,BARYONIC_SYSTEMATICS_PROXY,-37.807046479492556,BARYONIC_MISMATCH_PROXY,BARYONIC_SYSTEMATICS_PROXY,-40.048163396132885,POLY6_NULL,6,-261.50666411284095,POLY6_NULL,6,-258.00666411284095,POLY6_NULL,6,-249.6845079340434,BARYONIC_MISMATCH_PROXY,BARYONIC_SYSTEMATICS_PROXY,False
UGC02487,RESPONSE_FAMILY_DOMINANT_ZONE,OVERFLEX_POLY5_NULL,OVERFLEX_NULL,-35.30150046894122,OVERFLEX_POLY5_NULL,OVERFLEX_NULL,-127.31515003932509,OVERFLEX_POLY5_NULL,OVERFLEX_NULL,-130.7158699749878,POLY6_NULL,6,-286.5086603984812,POLY6_NULL,6,-283.0086603984812,POLY6_NULL,6,-274.6865042196836,OVERFLEX_POLY5_NULL,OVERFLEX_NULL,True
UGC02885,RESPONSE_FAMILY_DOMINANT_ZONE,OVERFLEX_POLY5_NULL,OVERFLEX_NULL,4.499260645606808,EINASTO_LIKE_SURROGATE_DIAGNOSTIC,HALO_OR_CORED_COMPARATOR,-99.64680197219148,EINASTO_LIKE_SURROGATE_DIAGNOSTIC,HALO_OR_CORED_COMPARATOR,-98.5079240138586,POLY6_NULL,6,-356.1882402161917,POLY6_NULL,6,-352.6882402161917,POLY6_NULL,6,-344.3660840373941,OVERFLEX_POLY5_NULL,OVERFLEX_NULL,True
UGC02916,NUISANCE_SENSITIVE_ZONE,OVERFLEX_POLY5_NULL,OVERFLEX_NULL,63.30300531443396,BARYONIC_MISMATCH_PROXY,BARYONIC_SYSTEMATICS_PROXY,-133.97367949837508,BARYONIC_MISMATCH_PROXY,BARYONIC_SYSTEMATICS_PROXY,-130.75127926698795,POLY6_NULL,6,-208.89830712012747,POLY6_NULL,6,-205.39830712012747,POLY6_NULL,6,-197.07615094132993,OVERFLEX_POLY5_NULL,OVERFLEX_NULL,True
UGC02953,RESPONSE_FAMILY_DOMINANT_ZONE,OVERFLEX_POLY5_NULL,OVERFLEX_NULL,65.12254533759204,BARYONIC_MISMATCH_PROXY,BARYONIC_SYSTEMATICS_PROXY,-508.8772899056351,BARYONIC_MISMATCH_PROXY,BARYONIC_SYSTEMATICS_PROXY,-503.49456850605145,POLY3_NULL,3,-268.45365947194995,POLY3_NULL,3,-267.3108023290928,POLY3_NULL,3,-261.6981416554942,OVERFLEX_POLY5_NULL,OVERFLEX_NULL,True
UGC03205,RESPONSE_FAMILY_DOMINANT_ZONE,OVERFLEX_POLY5_NULL,OVERFLEX_NULL,47.009398489559686,SN_RRF_LOCKED_N3_258993,SN_RRF_FAMILY,-226.74585070232195,SN_RRF_LOCKED_N3_258993,SN_RRF_FAMILY,-223.27011534717283,POLY6_NULL,6,-233.82185700880353,POLY6_NULL,6,-230.32185700880353,POLY6_NULL,6,-221.999700830006,OVERFLEX_POLY5_NULL,OVERFLEX_NULL,True
UGC03546,RESPONSE_FAMILY_DOMINANT_ZONE,OVERFLEX_POLY5_NULL,OVERFLEX_NULL,-42.39358814085509,OVERFLEX_POLY5_NULL,OVERFLEX_NULL,-110.39656878781825,OVERFLEX_POLY5_NULL,OVERFLEX_NULL,-105.6415584108888,POLY5_NULL,5,-288.5011185717172,POLY5_NULL,5,-285.95566402626264,POLY5_NULL,5,-278.36784184703356,OVERFLEX_POLY5_NULL,OVERFLEX_NULL,True
UGC03580,HALO_COMPARATOR_DOMINANT_ZONE,OVERFLEX_POLY5_NULL,OVERFLEX_NULL,35.30952037414191,BARYONIC_MISMATCH_PROXY,BARYONIC_SYSTEMATICS_PROXY,-228.51806837182693,BARYONIC_MISMATCH_PROXY,BARYONIC_SYSTEMATICS_PROXY,-225.09050044113408,POLY6_NULL,6,-292.197270447708,POLY6_NULL,6,-288.697270447708,POLY6_NULL,6,-280.3751142689104,OVERFLEX_POLY5_NULL,OVERFLEX_NULL,True
UGC04278,RESPONSE_FAMILY_DOMINANT_ZONE,OVERFLEX_POLY5_NULL,OVERFLEX_NULL,-60.26098004140414,SN_RRF_LOCKED_N3_258993,SN_RRF_FAMILY,-165.6371768078401,SN_RRF_LOCKED_N3_258993,SN_RRF_FAMILY,-163.7448797035582,POLY6_NULL,6,-351.92549589830065,POLY6_NULL,6,-348.42549589830065,POLY6_NULL,6,-340.1033397195031,OVERFLEX_POLY5_NULL,OVERFLEX_NULL,True
UGC04305,RESPONSE_FAMILY_WITH_NFW_COMPETITIVE_ZONE,OVERFLEX_POLY5_NULL,OVERFLEX_NULL,-24.39334117709609,OVERFLEX_POLY5_NULL,OVERFLEX_NULL,-96.9980027069806,OVERFLEX_POLY5_NULL,OVERFLEX_NULL,-96.05174798683069,POLY6_NULL,6,-204.32007456282986,POLY6_NULL,6,-200.82007456282986,POLY6_NULL,6,-192.49791838403232,OVERFLEX_POLY5_NULL,OVERFLEX_NULL,True
UGC04325,RESPONSE_FAMILY_WITH_NFW_COMPETITIVE_ZONE,OVERFLEX_POLY5_NULL,OVERFLEX_NULL,-20.909452640235884,SN_RRF_LOCKED_N3_258993,SN_RRF_FAMILY,-54.016963006643714,OVERFLEX_POLY5_NULL,OVERFLEX_NULL,-64.76766984133135,POLY6_NULL,6,-400.42118545143126,POLY6_NULL,6,-396.92118545143126,POLY6_NULL,6,-388.5990292726337,OVERFLEX_POLY5_NULL,OVERFLEX_NULL,True
UGC04483,RESPONSE_FAMILY_WITH_NFW_COMPETITIVE_ZONE,OVERFLEX_POLY5_NULL,OVERFLEX_NULL,-15.142718025572655,BARYONIC_MISMATCH_PROXY,BARYONIC_SYSTEMATICS_PROXY,-44.04659765684902,OVERFLEX_POLY5_NULL,OVERFLEX_NULL,-49.16440060372098,POLY5_NULL,5,-301.0541513569702,POLY5_NULL,5,-298.5086968115156,POLY5_NULL,5,-290.92087463228654,OVERFLEX_POLY5_NULL,OVERFLEX_NULL,True
UGC04499,RESPONSE_FAMILY_WITH_NFW_COMPETITIVE_ZONE,OVERFLEX_POLY5_NULL,OVERFLEX_NULL,-11.692268252330145,EINASTO_LIKE_SURROGATE_DIAGNOSTIC,HALO_OR_CORED_COMPARATOR,-55.762897646474705,OVERFLEX_POLY5_NULL,OVERFLEX_NULL,-60.48472660736387,POLY6_NULL,6,-373.3360400140373,POLY6_NULL,6,-369.8360400140373,POLY6_NULL,6,-361.5138838352397,OVERFLEX_POLY5_NULL,OVERFLEX_NULL,True
UGC05005,MIXED_THREE_WAY_COMPETITIVE_ZONE,OVERFLEX_POLY5_NULL,OVERFLEX_NULL,-64.18954637986141,OVERFLEX_POLY5_NULL,OVERFLEX_NULL,-93.7886443584376,OVERFLEX_POLY5_NULL,OVERFLEX_NULL,-112.40127272164737,POLY6_NULL,6,-419.44654852516237,POLY6_NULL,6,-415.94654852516237,POLY6_NULL,6,-407.6243923463648,OVERFLEX_POLY5_NULL,OVERFLEX_NULL,True
UGC05253,RESPONSE_FAMILY_DOMINANT_ZONE,OVERFLEX_POLY5_NULL,OVERFLEX_NULL,-30.238022188235952,BARYONIC_MISMATCH_PROXY,BARYONIC_SYSTEMATICS_PROXY,-335.34516099997506,BARYONIC_MISMATCH_PROXY,BARYONIC_SYSTEMATICS_PROXY,-330.93567068910687,POLY5_NULL,5,-330.3911341396862,POLY5_NULL,5,-327.8456795942316,POLY5_NULL,5,-320.25785741500255,OVERFLEX_POLY5_NULL,OVERFLEX_NULL,True
UGC05716,NUISANCE_SENSITIVE_ZONE,OVERFLEX_POLY5_NULL,OVERFLEX_NULL,-35.49778450046934,OVERFLEX_POLY5_NULL,OVERFLEX_NULL,-90.50264352507536,OVERFLEX_POLY5_NULL,OVERFLEX_NULL,-104.39320362634734,POLY5_NULL,5,-375.7981914437186,POLY5_NULL,5,-373.25273689826406,POLY5_NULL,5,-365.664914719035,OVERFLEX_POLY5_NULL,OVERFLEX_NULL,True
UGC05721,RESPONSE_FAMILY_DOMINANT_ZONE,EINASTO_LIKE_SURROGATE_DIAGNOSTIC,HALO_OR_CORED_COMPARATOR,-23.096196566461387,EINASTO_LIKE_SURROGATE_DIAGNOSTIC,HALO_OR_CORED_COMPARATOR,-137.83397382275814,EINASTO_LIKE_SURROGATE_DIAGNOSTIC,HALO_OR_CORED_COMPARATOR,-136.16298539089985,POLY6_NULL,6,-264.8943769490145,POLY6_NULL,6,-261.3943769490145,POLY6_NULL,6,-253.07222077021694,EINASTO_LIKE_SURROGATE_DIAGNOSTIC,HALO_OR_CORED_COMPARATOR,False
UGC05750,MIXED_THREE_WAY_COMPETITIVE_ZONE,OVERFLEX_POLY5_NULL,OVERFLEX_NULL,-45.87625269882349,EINASTO_LIKE_SURROGATE_DIAGNOSTIC,HALO_OR_CORED_COMPARATOR,-79.97843922565313,OVERFLEX_POLY5_NULL,OVERFLEX_NULL,-90.42650632138975,POLY5_NULL,5,-346.59637362783883,POLY5_NULL,5,-344.05091908238427,POLY5_NULL,5,-336.4630969031552,OVERFLEX_POLY5_NULL,OVERFLEX_NULL,True
UGC05764,NUISANCE_SENSITIVE_ZONE,OVERFLEX_POLY5_NULL,OVERFLEX_NULL,-2.098219452206024,BURKERT_LIKE_CORED_HALO_DIAGNOSTIC,HALO_OR_CORED_COMPARATOR,-47.84814447847392,OVERFLEX_POLY5_NULL,OVERFLEX_NULL,-56.4075592751839,POLY6_NULL,6,-317.15443798749374,POLY6_NULL,6,-313.65443798749374,POLY6_NULL,6,-305.33228180869617,OVERFLEX_POLY5_NULL,OVERFLEX_NULL,True
UGC05829,NUISANCE_SENSITIVE_ZONE,OVERFLEX_POLY5_NULL,OVERFLEX_NULL,-42.98174271770051,NUISANCE_GRADIENT_PROXY,NUISANCE_PROXY,-83.25294012927058,OVERFLEX_POLY5_NULL,OVERFLEX_NULL,-87.37333988685029,POLY6_NULL,6,-374.68367184593444,POLY6_NULL,6,-371.18367184593444,POLY6_NULL,6,-362.86151566713687,OVERFLEX_POLY5_NULL,OVERFLEX_NULL,True
UGC05918,NUISANCE_SENSITIVE_ZONE,OVERFLEX_POLY5_NULL,OVERFLEX_NULL,-24.927463771170487,CORED_ISOTHERMAL_LIKE_DIAGNOSTIC,HALO_OR_CORED_COMPARATOR,-54.07802743266226,CORED_ISOTHERMAL_LIKE_DIAGNOSTIC,HALO_OR_CORED_COMPARATOR,-56.31914434930259,POLY6_NULL,6,-364.94460591614177,POLY6_NULL,6,-361.44460591614177,POLY6_NULL,6,-353.1224497373442,OVERFLEX_POLY5_NULL,OVERFLEX_NULL,True
UGC05986,RESPONSE_FAMILY_DOMINANT_ZONE,OVERFLEX_POLY5_NULL,OVERFLEX_NULL,-31.63714273176772,OVERFLEX_POLY5_NULL,OVERFLEX_NULL,-108.03183617090349,OVERFLEX_POLY5_NULL,OVERFLEX_NULL,-114.28353496429023,POLY6_NULL,6,-346.4729639366115,POLY6_NULL,6,-342.9729639366115,POLY6_NULL,6,-334.65080775781394,OVERFLEX_POLY5_NULL,OVERFLEX_NULL,True
UGC06399,MIXED_THREE_WAY_COMPETITIVE_ZONE,OVERFLEX_POLY5_NULL,OVERFLEX_NULL,-24.27691666357873,EINASTO_LIKE_SURROGATE_DIAGNOSTIC,HALO_OR_CORED_COMPARATOR,-66.67704034854077,EINASTO_LIKE_SURROGATE_DIAGNOSTIC,HALO_OR_CORED_COMPARATOR,-68.28259119386833,POLY6_NULL,6,-367.2429525432109,POLY6_NULL,6,-363.7429525432109,POLY6_NULL,6,-355.4207963644133,OVERFLEX_POLY5_NULL,OVERFLEX_NULL,True
UGC06446,NUISANCE_SENSITIVE_ZONE,CORED_ISOTHERMAL_LIKE_DIAGNOSTIC,HALO_OR_CORED_COMPARATOR,-27.302952025743867,CORED_ISOTHERMAL_LIKE_DIAGNOSTIC,HALO_OR_CORED_COMPARATOR,-105.94300758706513,CORED_ISOTHERMAL_LIKE_DIAGNOSTIC,HALO_OR_CORED_COMPARATOR,-105.13372375609555,POLY6_NULL,6,-323.82983702398775,POLY6_NULL,6,-320.32983702398775,POLY6_NULL,6,-312.0076808451902,CORED_ISOTHERMAL_LIKE_DIAGNOSTIC,HALO_OR_CORED_COMPARATOR,False
UGC06614,MIXED_THREE_WAY_COMPETITIVE_ZONE,OVERFLEX_POLY5_NULL,OVERFLEX_NULL,-20.293367454538952,OVERFLEX_POLY5_NULL,OVERFLEX_NULL,-52.53588828798138,OVERFLEX_POLY5_NULL,OVERFLEX_NULL,-63.14619214321216,POLY6_NULL,6,-280.78973923555986,POLY6_NULL,6,-277.28973923555986,POLY6_NULL,6,-268.9675830567623,OVERFLEX_POLY5_NULL,OVERFLEX_NULL,True
UGC06667,NUISANCE_SENSITIVE_ZONE,OVERFLEX_POLY5_NULL,OVERFLEX_NULL,-21.629657753305125,BURKERT_LIKE_CORED_HALO_DIAGNOSTIC,HALO_OR_CORED_COMPARATOR,-64.78634814975835,OVERFLEX_POLY5_NULL,OVERFLEX_NULL,-67.5334596148219,POLY4_NULL,4,-370.14068166422027,POLY4_NULL,4,-368.37597578186734,POLY4_NULL,4,-361.69628439365056,OVERFLEX_POLY5_NULL,OVERFLEX_NULL,True
UGC06786,NUISANCE_SENSITIVE_ZONE,OVERFLEX_POLY5_NULL,OVERFLEX_NULL,1.9784248075171504,SN_RRF_LOCKED_N3_258993,SN_RRF_FAMILY,-222.57108475793186,SN_RRF_LOCKED_N3_258993,SN_RRF_FAMILY,-219.2434740641055,POLY4_NULL,4,-274.2442027223817,POLY4_NULL,4,-272.4794968400288,POLY4_NULL,4,-265.79980545181206,OVERFLEX_POLY5_NULL,OVERFLEX_NULL,True
UGC06787,NUISANCE_SENSITIVE_ZONE,OVERFLEX_POLY5_NULL,OVERFLEX_NULL,44.40464172614913,OVERFLEX_POLY5_NULL,OVERFLEX_NULL,-315.33700494459845,OVERFLEX_POLY5_NULL,OVERFLEX_NULL,-303.07342568235055,POLY5_NULL,5,-238.65979240790756,POLY5_NULL,5,-236.11433786245303,POLY5_NULL,5,-228.52651568322395,OVERFLEX_POLY5_NULL,OVERFLEX_NULL,True
UGC06818,RESPONSE_FAMILY_WITH_NFW_COMPETITIVE_ZONE,OVERFLEX_POLY5_NULL,OVERFLEX_NULL,-6.807403613634598,BARYONIC_MISMATCH_PROXY,BARYONIC_SYSTEMATICS_PROXY,-31.284192696890265,OVERFLEX_POLY5_NULL,OVERFLEX_NULL,-44.22460048905608,POLY6_NULL,6,-304.7575582415005,POLY6_NULL,6,-301.2575582415005,POLY6_NULL,6,-292.9354020627029,OVERFLEX_POLY5_NULL,OVERFLEX_NULL,True
UGC06917,MIXED_THREE_WAY_COMPETITIVE_ZONE,OVERFLEX_POLY5_NULL,OVERFLEX_NULL,-43.16937654941654,OVERFLEX_POLY5_NULL,OVERFLEX_NULL,-81.6182714785742,OVERFLEX_POLY5_NULL,OVERFLEX_NULL,-100.23089984178398,POLY6_NULL,6,-391.1403247275805,POLY6_NULL,6,-387.6403247275805,POLY6_NULL,6,-379.3181685487829,OVERFLEX_POLY5_NULL,OVERFLEX_NULL,True
UGC06930,RESPONSE_FAMILY_WITH_NFW_COMPETITIVE_ZONE,OVERFLEX_POLY5_NULL,OVERFLEX_NULL,-44.78633903599573,CORED_ISOTHERMAL_LIKE_DIAGNOSTIC,HALO_OR_CORED_COMPARATOR,-58.323456086189445,OVERFLEX_POLY5_NULL,OVERFLEX_NULL,-83.63565362592578,POLY6_NULL,6,-317.11990445278013,POLY6_NULL,6,-313.61990445278013,POLY6_NULL,6,-305.29774827398256,OVERFLEX_POLY5_NULL,OVERFLEX_NULL,True
UGC06973,PATHOLOGY_ARCHIVE_ZONE,OVERFLEX_POLY5_NULL,OVERFLEX_NULL,-8.248763455440592,BARYONIC_MISMATCH_PROXY,BARYONIC_SYSTEMATICS_PROXY,-39.84509999729278,OVERFLEX_POLY5_NULL,OVERFLEX_NULL,-59.76630431868644,POLY5_NULL,5,-203.19140688459342,POLY5_NULL,5,-200.6459523391389,POLY5_NULL,5,-193.0581301599098,OVERFLEX_POLY5_NULL,OVERFLEX_NULL,True
UGC06983,NUISANCE_SENSITIVE_ZONE,OVERFLEX_POLY5_NULL,OVERFLEX_NULL,-35.22255800019034,OVERFLEX_POLY5_NULL,OVERFLEX_NULL,-102.8725634453351,OVERFLEX_POLY5_NULL,OVERFLEX_NULL,-106.27328338099781,POLY6_NULL,6,-266.82103668904034,POLY6_NULL,6,-263.32103668904034,POLY3_NULL,3,-257.1978969295652,OVERFLEX_POLY5_NULL,OVERFLEX_NULL,True
UGC07089,MIXED_THREE_WAY_COMPETITIVE_ZONE,OVERFLEX_POLY5_NULL,OVERFLEX_NULL,-25.88496899536151,EINASTO_LIKE_SURROGATE_DIAGNOSTIC,HALO_OR_CORED_COMPARATOR,-80.19420744764192,EINASTO_LIKE_SURROGATE_DIAGNOSTIC,HALO_OR_CORED_COMPARATOR,-80.55772748139924,POLY6_NULL,6,-329.4960443190316,POLY6_NULL,6,-325.9960443190316,POLY6_NULL,6,-317.67388814023406,OVERFLEX_POLY5_NULL,OVERFLEX_NULL,True
UGC07125,RESPONSE_FAMILY_WITH_NFW_COMPETITIVE_ZONE,OVERFLEX_POLY5_NULL,OVERFLEX_NULL,-18.89853715089127,SN_RRF_LOCKED_N3_258993,SN_RRF_FAMILY,-82.1872691712254,OVERFLEX_POLY5_NULL,OVERFLEX_NULL,-86.50173598311979,POLY6_NULL,6,-329.302103275851,POLY4_NULL,4,-326.9577258874916,POLY4_NULL,4,-320.2780344992749,OVERFLEX_POLY5_NULL,OVERFLEX_NULL,True
UGC07151,RESPONSE_FAMILY_DOMINANT_ZONE,CORED_ISOTHERMAL_LIKE_DIAGNOSTIC,HALO_OR_CORED_COMPARATOR,-5.563523242944889,CORED_ISOTHERMAL_LIKE_DIAGNOSTIC,HALO_OR_CORED_COMPARATOR,-69.61278469163526,CORED_ISOTHERMAL_LIKE_DIAGNOSTIC,HALO_OR_CORED_COMPARATOR,-70.31699414603851,POLY6_NULL,6,-332.722747249133,POLY6_NULL,6,-329.222747249133,POLY6_NULL,6,-320.90059107033545,CORED_ISOTHERMAL_LIKE_DIAGNOSTIC,HALO_OR_CORED_COMPARATOR,False
UGC07323,MIXED_THREE_WAY_COMPETITIVE_ZONE,OVERFLEX_POLY5_NULL,OVERFLEX_NULL,-23.577431100694497,SN_RRF_LOCKED_N3_258993,SN_RRF_FAMILY,-72.05120980809583,OVERFLEX_POLY5_NULL,OVERFLEX_NULL,-75.71212759811954,POLY6_NULL,6,-368.5867410794102,POLY6_NULL,6,-365.0867410794102,POLY6_NULL,6,-356.76458490061265,OVERFLEX_POLY5_NULL,OVERFLEX_NULL,True
UGC07399,NUISANCE_SENSITIVE_ZONE,OVERFLEX_POLY5_NULL,OVERFLEX_NULL,-21.623147753967167,CORED_ISOTHERMAL_LIKE_DIAGNOSTIC,HALO_OR_CORED_COMPARATOR,-66.53152332327137,OVERFLEX_POLY5_NULL,OVERFLEX_NULL,-78.53084234320335,POLY6_NULL,6,-389.13963208698954,POLY6_NULL,6,-385.63963208698954,POLY6_NULL,6,-377.31747590819197,OVERFLEX_POLY5_NULL,OVERFLEX_NULL,True
UGC07524,RESPONSE_FAMILY_DOMINANT_ZONE,OVERFLEX_POLY5_NULL,OVERFLEX_NULL,-61.56160766403042,OVERFLEX_POLY5_NULL,OVERFLEX_NULL,-224.37199838893454,OVERFLEX_POLY5_NULL,OVERFLEX_NULL,-219.26807516202365,POLY6_NULL,6,-319.13558800885505,POLY6_NULL,6,-315.63558800885505,POLY6_NULL,6,-307.3134318300575,OVERFLEX_POLY5_NULL,OVERFLEX_NULL,True
UGC07577,PATHOLOGY_ARCHIVE_ZONE,OVERFLEX_POLY5_NULL,OVERFLEX_NULL,-39.019835724595175,BARYONIC_MISMATCH_PROXY,BARYONIC_SYSTEMATICS_PROXY,-35.14467633367355,OVERFLEX_POLY5_NULL,OVERFLEX_NULL,-67.91562401180218,POLY6_NULL,6,-343.7136695630502,POLY6_NULL,6,-340.2136695630502,POLY6_NULL,6,-331.8915133842526,OVERFLEX_POLY5_NULL,OVERFLEX_NULL,True
UGC07603,RESPONSE_FAMILY_DOMINANT_ZONE,OVERFLEX_POLY5_NULL,OVERFLEX_NULL,-33.349061303337386,OVERFLEX_POLY5_NULL,OVERFLEX_NULL,-78.36344066811277,OVERFLEX_POLY5_NULL,OVERFLEX_NULL,-92.25400076938476,POLY6_NULL,6,-356.45967484440615,POLY6_NULL,6,-352.95967484440615,POLY6_NULL,6,-344.6375186656086,OVERFLEX_POLY5_NULL,OVERFLEX_NULL,True
UGC07608,MIXED_THREE_WAY_COMPETITIVE_ZONE,OVERFLEX_POLY5_NULL,OVERFLEX_NULL,-30.23225890759201,CORED_ISOTHERMAL_LIKE_DIAGNOSTIC,HALO_OR_CORED_COMPARATOR,-55.151378312056316,OVERFLEX_POLY5_NULL,OVERFLEX_NULL,-60.32514154076549,POLY6_NULL,6,-386.29692521493706,POLY6_NULL,6,-382.79692521493706,POLY6_NULL,6,-374.4747690361395,OVERFLEX_POLY5_NULL,OVERFLEX_NULL,True
UGC08286,NUISANCE_SENSITIVE_ZONE,OVERFLEX_POLY5_NULL,OVERFLEX_NULL,-20.574442136949138,OVERFLEX_POLY5_NULL,OVERFLEX_NULL,-114.02039483076021,OVERFLEX_POLY5_NULL,OVERFLEX_NULL,-117.42111476642292,POLY6_NULL,6,-327.26110102333405,POLY6_NULL,6,-323.76110102333405,POLY6_NULL,6,-315.4389448445365,OVERFLEX_POLY5_NULL,OVERFLEX_NULL,True
UGC08490,RESPONSE_FAMILY_DOMINANT_ZONE,OVERFLEX_POLY5_NULL,OVERFLEX_NULL,-58.76994892669903,OVERFLEX_POLY5_NULL,OVERFLEX_NULL,-211.94970300430293,CORED_ISOTHERMAL_LIKE_DIAGNOSTIC,HALO_OR_CORED_COMPARATOR,-208.5911995156861,POLY6_NULL,6,-332.95580366156787,POLY6_NULL,6,-329.45580366156787,POLY6_NULL,6,-321.1336474827703,OVERFLEX_POLY5_NULL,OVERFLEX_NULL,True
UGC08550,NUISANCE_SENSITIVE_ZONE,OVERFLEX_POLY5_NULL,OVERFLEX_NULL,-27.356246153294244,NFW_LIKE_DIAGNOSTIC,HALO_OR_CORED_COMPARATOR,-68.33929151124025,OVERFLEX_POLY5_NULL,OVERFLEX_NULL,-83.58542825873947,POLY6_NULL,6,-330.13842189198897,POLY6_NULL,6,-326.63842189198897,POLY6_NULL,6,-318.3162657131914,OVERFLEX_POLY5_NULL,OVERFLEX_NULL,True
UGC08699,RESPONSE_FAMILY_DOMINANT_ZONE,OVERFLEX_POLY5_NULL,OVERFLEX_NULL,-16.637489735973542,OVERFLEX_POLY5_NULL,OVERFLEX_NULL,-159.19699706666532,OVERFLEX_POLY5_NULL,OVERFLEX_NULL,-151.3861529017336,POLY5_NULL,5,-274.57500861198287,POLY5_NULL,5,-272.0295540665283,POLY4_NULL,4,-265.1836537055534,OVERFLEX_POLY5_NULL,OVERFLEX_NULL,True
UGC08837,RESPONSE_FAMILY_DOMINANT_ZONE,OVERFLEX_POLY5_NULL,OVERFLEX_NULL,-19.1699246090662,EINASTO_LIKE_SURROGATE_DIAGNOSTIC,HALO_OR_CORED_COMPARATOR,-41.38675759291739,OVERFLEX_POLY5_NULL,OVERFLEX_NULL,-53.88658871493801,POLY6_NULL,6,-376.62722884560833,POLY6_NULL,6,-373.12722884560833,POLY6_NULL,6,-364.80507266681076,OVERFLEX_POLY5_NULL,OVERFLEX_NULL,True
UGC09037,RESPONSE_FAMILY_WITH_NFW_COMPETITIVE_ZONE,OVERFLEX_POLY5_NULL,OVERFLEX_NULL,-25.655294569840983,OVERFLEX_POLY5_NULL,OVERFLEX_NULL,-136.5950253694691,OVERFLEX_POLY5_NULL,OVERFLEX_NULL,-135.6487706493192,POLY6_NULL,6,-279.74128922501177,POLY6_NULL,6,-276.24128922501177,POLY6_NULL,6,-267.9191330462142,OVERFLEX_POLY5_NULL,OVERFLEX_NULL,True
UGC09133,RESPONSE_FAMILY_DOMINANT_ZONE,OVERFLEX_POLY5_NULL,OVERFLEX_NULL,21.87535978585818,BARYONIC_MISMATCH_PROXY,BARYONIC_SYSTEMATICS_PROXY,-300.0227594181734,BARYONIC_MISMATCH_PROXY,BARYONIC_SYSTEMATICS_PROXY,-295.76835939243654,POLY6_NULL,6,-282.2148091020728,POLY6_NULL,6,-278.7148091020728,POLY6_NULL,6,-270.39265292327525,OVERFLEX_POLY5_NULL,OVERFLEX_NULL,True
UGC11455,RESPONSE_FAMILY_DOMINANT_ZONE,OVERFLEX_POLY5_NULL,OVERFLEX_NULL,27.0052452108126,OVERFLEX_POLY5_NULL,OVERFLEX_NULL,-183.50265243034315,OVERFLEX_POLY5_NULL,OVERFLEX_NULL,-176.89809052374443,POLY6_NULL,6,-226.68878015703666,POLY6_NULL,6,-223.18878015703666,POLY6_NULL,6,-214.86662397823912,OVERFLEX_POLY5_NULL,OVERFLEX_NULL,True
UGC11557,PATHOLOGY_ARCHIVE_ZONE,OVERFLEX_POLY5_NULL,OVERFLEX_NULL,-9.74506089178869,BARYONIC_MISMATCH_PROXY,BARYONIC_SYSTEMATICS_PROXY,-45.75955108540645,OVERFLEX_POLY5_NULL,OVERFLEX_NULL,-55.73033362418662,POLY6_NULL,6,-258.3970811339103,POLY6_NULL,6,-254.89708113391032,POLY6_NULL,6,-246.57492495511278,OVERFLEX_POLY5_NULL,OVERFLEX_NULL,True
UGC11820,NUISANCE_SENSITIVE_ZONE,OVERFLEX_POLY5_NULL,OVERFLEX_NULL,-10.991412836491676,EINASTO_LIKE_SURROGATE_DIAGNOSTIC,HALO_OR_CORED_COMPARATOR,-60.38585635258392,OVERFLEX_POLY5_NULL,OVERFLEX_NULL,-62.992154119582494,POLY6_NULL,6,-395.8396376236098,POLY6_NULL,6,-392.3396376236098,POLY6_NULL,6,-384.01748144481223,OVERFLEX_POLY5_NULL,OVERFLEX_NULL,True
UGC11914,PATHOLOGY_ARCHIVE_ZONE,OVERFLEX_POLY5_NULL,OVERFLEX_NULL,-156.70492312134127,OVERFLEX_POLY5_NULL,OVERFLEX_NULL,-480.9744198967825,OVERFLEX_POLY5_NULL,OVERFLEX_NULL,-469.3763721394776,POLY6_NULL,6,-355.6472675698469,POLY6_NULL,6,-352.1472675698469,POLY6_NULL,6,-343.82511139104935,OVERFLEX_POLY5_NULL,OVERFLEX_NULL,True
UGC12506,HALO_COMPARATOR_DOMINANT_ZONE,OVERFLEX_POLY5_NULL,OVERFLEX_NULL,-65.70505482154631,OVERFLEX_POLY5_NULL,OVERFLEX_NULL,-210.64225245160785,OVERFLEX_POLY5_NULL,OVERFLEX_NULL,-205.53832922469695,POLY6_NULL,6,-306.05266397949845,POLY6_NULL,6,-302.55266397949845,POLY6_NULL,6,-294.2305078007009,OVERFLEX_POLY5_NULL,OVERFLEX_NULL,True
UGC12632,NUISANCE_SENSITIVE_ZONE,OVERFLEX_POLY5_NULL,OVERFLEX_NULL,-40.53594939665712,EINASTO_LIKE_SURROGATE_DIAGNOSTIC,HALO_OR_CORED_COMPARATOR,-119.12793617354073,EINASTO_LIKE_SURROGATE_DIAGNOSTIC,HALO_OR_CORED_COMPARATOR,-118.71183577133631,POLY6_NULL,6,-379.1202293240062,POLY6_NULL,6,-375.6202293240062,POLY6_NULL,6,-367.2980731452086,OVERFLEX_POLY5_NULL,OVERFLEX_NULL,True
UGC12732,NUISANCE_SENSITIVE_ZONE,OVERFLEX_POLY5_NULL,OVERFLEX_NULL,-49.98481441377379,OVERFLEX_POLY5_NULL,OVERFLEX_NULL,-132.0245385739689,OVERFLEX_POLY5_NULL,OVERFLEX_NULL,-136.72233957386356,POLY4_NULL,4,-387.1714834136483,POLY4_NULL,4,-385.40677753129535,POLY4_NULL,4,-378.7270861430786,OVERFLEX_POLY5_NULL,OVERFLEX_NULL,True
UGCA442,NUISANCE_SENSITIVE_ZONE,OVERFLEX_POLY5_NULL,OVERFLEX_NULL,-21.64288193249019,EINASTO_LIKE_SURROGATE_DIAGNOSTIC,HALO_OR_CORED_COMPARATOR,-54.01986681287449,OVERFLEX_POLY5_NULL,OVERFLEX_NULL,-59.545659286875555,POLY6_NULL,6,-391.51772856903347,POLY6_NULL,6,-388.01772856903347,POLY6_NULL,6,-379.6955723902359,OVERFLEX_POLY5_NULL,OVERFLEX_NULL,True
UGCA444,NUISANCE_SENSITIVE_ZONE,NUISANCE_GRADIENT_PROXY,NUISANCE_PROXY,-105.07051884156375,NUISANCE_GRADIENT_PROXY,NUISANCE_PROXY,-231.11567988646817,NUISANCE_GRADIENT_PROXY,NUISANCE_PROXY,-228.31227837319233,POLY3_NULL,3,-269.2601121387294,POLY3_NULL,3,-268.11725499587226,POLY3_NULL,3,-262.5045943222737,NUISANCE_GRADIENT_PROXY,NUISANCE_PROXY,False
